attendance_percentage,assignment_marks,previous_sem_sgpa,cgpa,backlogs,ia1,ia2,avg_ia,pass_probability,risk_level
78.7,4.3,8.13,8.3,1,34.8,41.0,37.9,77.66,Low
52.8,4.3,3.71,3.88,4,23.1,29.2,26.2,50.68,High
90.8,8.0,7.82,7.99,0,35.5,41.7,38.6,82.03,Low
88.8,8.7,9.15,9.32,1,45.0,50.0,47.5,96.18,Low
47.0,2.5,3.54,3.72,5,19.1,25.2,22.1,37.85,High
55.1,2.0,5.91,6.08,0,11.8,18.0,14.9,53.45,High
85.4,5.9,5.6,5.77,0,23.5,29.7,26.6,78.43,Low
66.2,5.2,4.74,4.92,0,34.3,40.5,37.4,73.0,Medium
76.8,5.7,7.46,7.64,1,28.2,34.3,31.2,67.81,Medium
50.4,6.7,6.13,6.3,2,28.9,35.0,32.0,63.61,Medium
76.9,6.6,8.12,8.3,0,46.9,50.0,48.5,88.95,Low
98.3,8.5,8.48,8.66,0,31.7,37.9,34.8,92.41,Low
71.3,7.1,7.58,7.76,0,24.7,30.9,27.8,82.51,Low
95.2,10.0,7.98,8.16,0,50.0,50.0,50.0,99.5,Low
77.2,7.4,6.96,7.13,3,40.4,46.6,43.5,75.47,Low
47.5,6.4,5.51,5.69,1,23.8,29.9,26.9,68.49,Medium
74.4,7.2,8.24,8.42,0,30.6,36.8,33.7,85.55,Low
66.1,5.8,4.12,4.3,1,22.3,28.5,25.4,57.46,Medium
88.5,6.2,8.12,8.29,0,33.1,39.3,36.2,82.89,Low
50.0,3.0,6.5,6.67,0,39.8,45.9,42.8,72.43,Medium
62.7,7.0,6.86,7.04,0,27.0,33.2,30.1,70.37,Medium
74.2,6.2,5.63,5.81,2,35.9,42.0,39.0,67.18,Medium
86.6,9.5,8.39,8.56,1,41.6,47.8,44.7,88.85,Low
47.4,5.8,7.66,7.84,2,25.4,31.6,28.5,66.82,Medium
79.6,8.2,5.59,5.76,0,27.4,33.6,30.5,73.44,Medium
68.8,5.6,5.94,6.11,1,12.6,18.8,15.7,57.94,Medium
76.3,8.3,6.27,6.45,1,37.7,43.9,40.8,80.92,Low
70.5,8.3,6.78,6.95,2,35.9,42.1,39.0,72.85,Medium
85.8,9.9,7.97,8.14,0,43.3,49.5,46.4,98.43,Low
69.9,7.1,7.82,8.0,0,24.5,30.6,27.5,78.67,Low
100.0,9.5,10.0,10.0,0,50.0,50.0,50.0,99.5,Low
66.5,4.0,6.6,6.78,1,36.3,42.5,39.4,72.32,Medium
61.7,8.1,7.81,7.98,0,38.4,44.6,41.5,85.88,Low
55.6,6.0,4.74,4.92,3,26.7,32.9,29.8,57.32,Medium
76.7,8.5,6.39,6.57,0,46.3,50.0,48.2,83.18,Low
97.6,10.0,7.77,7.95,0,33.3,39.5,36.4,94.24,Low
57.4,7.1,5.97,6.15,2,38.0,44.2,41.1,76.16,Low
37.5,3.5,4.49,4.67,1,21.5,27.6,24.6,49.3,High
60.1,5.1,5.48,5.66,0,15.4,21.6,18.5,64.38,Medium
85.4,6.5,9.03,9.21,1,31.7,37.8,34.8,84.91,Low
85.4,7.5,9.45,9.63,0,40.4,46.5,43.4,94.56,Low
81.3,7.2,8.18,8.35,1,32.8,39.0,35.9,82.14,Low
53.5,4.8,7.6,7.77,2,31.0,37.2,34.1,59.9,Medium
79.8,5.2,6.87,7.05,1,23.3,29.5,26.4,70.9,Medium
69.5,9.2,5.53,5.7,0,20.1,26.3,23.2,73.94,Medium
66.8,7.6,8.12,8.3,1,45.5,50.0,47.7,79.93,Low
79.7,8.0,6.63,6.8,3,47.7,50.0,48.9,79.55,Low
92.0,8.2,6.5,6.68,0,28.6,34.7,31.6,81.49,Low
62.2,8.6,8.42,8.6,1,39.7,45.9,42.8,81.57,Low
74.1,7.3,6.82,7.0,2,41.7,47.9,44.8,79.18,Low
56.1,8.3,7.12,7.3,0,39.4,45.6,42.5,80.33,Low
77.6,8.1,6.81,6.99,1,40.4,46.6,43.5,81.17,Low
38.9,5.3,4.31,4.49,1,29.3,35.5,32.4,58.04,Medium
41.7,7.3,7.16,7.34,1,26.2,32.3,29.3,67.59,Medium
63.9,6.2,6.02,6.19,0,30.2,36.4,33.3,64.73,Medium
53.3,5.4,4.97,5.14,3,28.4,34.6,31.5,54.09,High
42.3,8.5,5.21,5.39,3,29.8,35.9,32.8,51.43,High
100.0,8.7,8.61,8.79,0,44.0,50.0,47.0,98.1,Low
67.6,5.9,5.68,5.86,1,27.2,33.3,30.2,69.5,Medium
99.4,9.0,8.76,8.93,0,42.5,48.7,45.6,99.42,Low
43.0,3.1,3.22,3.39,1,12.4,18.5,15.4,45.21,High
62.8,5.1,4.24,4.42,3,36.8,42.9,39.9,60.74,Medium
84.0,6.6,7.45,7.63,1,28.5,34.7,31.6,72.46,Medium
94.8,7.1,6.99,7.16,1,37.5,43.6,40.5,81.99,Low
91.4,6.0,8.63,8.81,0,38.0,44.2,41.1,83.71,Low
72.1,7.2,7.47,7.64,1,43.3,49.4,46.3,79.39,Low
64.1,6.6,5.32,5.49,1,16.2,22.4,19.3,67.2,Medium
64.5,7.8,6.15,6.33,0,36.3,42.5,39.4,78.76,Low
64.5,9.0,10.0,10.0,1,36.6,42.7,39.6,89.92,Low
69.4,2.8,7.15,7.32,1,40.9,47.1,44.0,72.2,Medium
69.0,5.5,4.75,4.93,3,19.8,26.0,22.9,52.32,High
55.1,4.1,5.2,5.37,2,24.0,30.2,27.1,56.73,Medium
67.1,5.9,3.66,3.84,2,39.6,45.8,42.7,64.42,Medium
78.3,7.6,6.64,6.81,1,36.3,42.5,39.4,78.81,Low
69.7,6.8,4.78,4.96,1,43.9,50.0,46.9,64.49,Medium
83.6,7.8,9.53,9.71,0,40.1,46.3,43.2,93.31,Low
52.6,6.0,7.45,7.62,0,33.3,39.5,36.4,66.98,Medium
61.1,9.0,7.42,7.6,1,35.8,42.0,38.9,80.34,Low
91.3,7.8,7.99,8.16,0,45.3,50.0,47.6,88.23,Low
76.5,7.8,4.88,5.05,0,26.6,32.8,29.7,65.83,Medium
65.9,8.9,7.38,7.55,2,31.0,37.2,34.1,77.36,Low
66.4,6.6,7.29,7.46,1,23.9,30.1,27.0,73.66,Medium
61.0,3.7,6.3,6.48,2,31.6,37.8,34.7,64.2,Medium
64.9,7.7,5.64,5.82,3,29.2,35.4,32.3,71.31,Medium
52.3,4.1,3.18,3.36,2,28.8,35.0,31.9,51.94,High
86.2,8.6,8.87,9.05,0,47.3,50.0,48.6,91.64,Low
60.8,4.6,5.94,6.11,1,23.2,29.4,26.3,64.73,Medium
82.3,5.2,5.24,5.42,1,29.0,35.1,32.1,67.02,Medium
79.3,10.0,6.79,6.96,1,28.0,34.2,31.1,82.8,Low
81.8,6.2,6.41,6.59,0,50.0,50.0,50.0,82.51,Low
71.0,9.5,7.81,7.99,1,41.8,48.0,44.9,85.25,Low
87.9,6.8,6.82,7.0,0,36.5,42.7,39.6,76.79,Low
65.5,5.5,5.63,5.8,1,21.0,27.2,24.1,63.45,Medium
73.8,6.6,7.36,7.54,0,33.3,39.5,36.4,78.94,Low
23.2,2.1,4.0,4.18,3,23.2,29.4,26.3,35.5,High
35.2,4.3,5.3,5.47,1,19.9,26.1,23.0,52.23,High
57.9,3.0,4.23,4.41,1,30.3,36.5,33.4,57.92,Medium
53.9,4.6,7.85,8.02,1,41.7,47.9,44.8,73.92,Medium
55.7,8.8,6.97,7.15,0,30.8,36.9,33.9,70.23,Medium
63.0,5.6,4.45,4.62,0,19.1,25.3,22.2,59.38,Medium
56.1,4.1,5.23,5.41,2,24.6,30.8,27.7,55.0,High
100.0,10.0,8.82,8.99,0,50.0,50.0,50.0,99.5,Low
61.1,6.2,4.65,4.82,2,38.3,44.4,41.4,62.89,Medium
82.6,7.3,8.32,8.49,2,39.3,45.5,42.4,81.2,Low
63.9,6.3,3.5,3.67,2,26.3,32.5,29.4,53.83,High
55.5,6.2,6.6,6.77,2,26.5,32.7,29.6,64.8,Medium
41.9,3.6,3.97,4.14,3,32.2,38.3,35.2,51.41,High
60.3,8.8,5.88,6.06,0,28.5,34.6,31.5,72.63,Medium
90.6,8.2,8.77,8.95,0,39.3,45.5,42.4,97.06,Low
25.3,3.7,5.94,6.11,2,23.6,29.8,26.7,55.0,Medium
58.7,7.0,6.57,6.74,0,36.4,42.6,39.5,79.32,Low
80.3,8.9,7.07,7.24,1,34.4,40.6,37.5,85.07,Low
51.9,5.1,5.14,5.31,1,29.0,35.2,32.1,65.71,Medium
39.5,2.2,3.56,3.73,0,27.3,33.5,30.4,45.94,High
50.7,6.0,6.28,6.45,0,46.1,50.0,48.1,74.93,Medium
52.2,7.8,6.64,6.82,1,33.6,39.8,36.7,74.7,Medium
71.9,8.4,6.76,6.93,0,41.6,47.8,44.7,86.16,Low
77.7,6.5,8.86,9.04,0,32.8,39.0,35.9,82.45,Low
87.5,10.0,9.9,10.0,0,42.7,48.8,45.8,99.5,Low
80.5,7.4,5.48,5.66,1,36.5,42.7,39.6,73.89,Medium
43.8,4.7,4.73,4.91,0,26.5,32.7,29.6,64.44,Medium
64.2,6.9,6.38,6.56,0,25.6,31.7,28.7,66.3,Medium
87.1,7.6,7.89,8.07,2,33.6,39.8,36.7,78.08,Low
93.2,7.9,7.64,7.81,0,45.0,50.0,47.5,83.61,Low
76.7,8.2,7.01,7.19,2,37.5,43.7,40.6,77.57,Low
72.5,7.8,6.87,7.05,0,47.4,50.0,48.7,90.42,Low
100.0,6.9,9.9,10.0,0,49.8,50.0,49.9,98.97,Low
62.5,4.5,5.89,6.06,5,33.5,39.7,36.6,57.02,Medium
49.0,5.3,6.95,7.13,0,30.4,36.6,33.5,71.13,Medium
51.8,6.7,5.7,5.88,1,26.7,32.9,29.8,63.04,Medium
62.3,3.6,6.06,6.24,1,24.1,30.3,27.2,63.98,Medium
34.7,3.9,5.17,5.35,1,22.4,28.6,25.5,54.15,High
78.2,7.2,6.85,7.03,1,39.5,45.7,42.6,75.7,Low
64.3,7.8,4.76,4.94,1,22.5,28.7,25.6,62.71,Medium
54.4,4.2,4.69,4.87,4,17.7,23.9,20.8,50.04,High
62.8,7.6,4.17,4.34,2,23.1,29.3,26.2,61.37,Medium
70.0,8.3,7.27,7.45,1,39.6,45.7,42.6,84.05,Low
80.1,7.7,8.33,8.51,0,44.4,50.0,47.2,90.03,Low
100.0,10.0,10.0,10.0,0,46.9,50.0,48.5,99.5,Low
100.0,10.0,10.0,10.0,0,50.0,50.0,50.0,99.5,Low
80.9,8.7,8.25,8.43,0,36.2,42.4,39.3,85.44,Low
50.3,3.3,5.29,5.47,5,5.5,11.7,8.6,38.91,High
22.1,2.0,3.0,3.18,2,12.5,18.7,15.6,33.62,High
63.0,7.9,7.35,7.53,1,43.8,50.0,46.9,74.56,Medium
68.7,7.1,4.88,5.06,1,15.3,21.5,18.4,62.88,Medium
59.4,3.0,5.92,6.09,2,31.3,37.4,34.3,64.38,Medium
74.0,7.7,8.12,8.29,3,39.9,46.1,43.0,75.62,Low
60.5,6.4,6.72,6.9,1,27.5,33.7,30.6,70.62,Medium
89.0,6.0,9.02,9.19,0,43.1,49.3,46.2,88.92,Low
94.6,2.9,6.43,6.61,1,26.2,32.4,29.3,68.06,Medium
54.7,4.4,7.45,7.62,0,44.0,50.0,47.0,82.81,Low
31.4,5.0,5.72,5.9,0,24.6,30.8,27.7,54.87,High
52.4,3.9,4.64,4.82,2,20.1,26.3,23.2,47.42,High
51.5,6.9,6.17,6.34,2,39.3,45.5,42.4,67.67,Medium
66.9,5.9,7.64,7.82,1,38.2,44.4,41.3,77.78,Low
92.2,8.3,10.0,10.0,0,42.9,49.1,46.0,99.5,Low
72.9,6.4,7.28,7.45,0,30.6,36.8,33.7,84.55,Low
75.2,8.5,8.37,8.54,0,45.8,50.0,47.9,86.36,Low
57.7,6.3,6.76,6.93,0,25.4,31.6,28.5,68.14,Medium
52.4,3.7,3.97,4.15,0,9.1,15.3,12.2,56.17,Medium
41.5,6.4,4.51,4.69,4,25.4,31.6,28.5,52.08,High
48.7,4.7,5.52,5.69,0,17.5,23.7,20.6,61.92,Medium
100.0,9.2,8.85,9.03,0,50.0,50.0,50.0,96.19,Low
39.7,4.6,6.15,6.32,3,28.3,34.4,31.3,59.37,Medium
78.0,9.7,7.36,7.53,1,34.8,41.0,37.9,84.78,Low
53.8,5.1,4.84,5.02,1,21.4,27.6,24.5,57.91,Medium
79.8,7.4,8.19,8.37,1,28.7,34.9,31.8,78.62,Low
71.8,8.8,7.49,7.67,0,29.6,35.8,32.7,80.88,Low
65.1,9.5,6.22,6.4,1,39.8,46.0,42.9,81.92,Low
60.7,7.0,6.67,6.85,1,49.3,50.0,49.6,72.03,Medium
63.8,7.4,5.63,5.81,0,33.5,39.7,36.6,68.75,Medium
89.9,9.0,7.16,7.33,0,37.1,43.3,40.2,84.19,Low
55.6,5.2,5.33,5.51,2,27.1,33.3,30.2,57.53,Medium
52.0,4.8,5.69,5.87,0,16.9,23.1,20.0,60.36,Medium
43.9,2.8,3.0,3.18,2,37.6,43.7,40.6,51.64,High
74.6,6.8,6.91,7.08,1,34.1,40.3,37.2,77.42,Low
100.0,8.6,9.06,9.24,0,50.0,50.0,50.0,98.52,Low
75.8,6.5,7.45,7.62,0,45.1,50.0,47.6,84.36,Low
48.2,5.5,5.29,5.47,2,20.8,27.0,23.9,57.66,Medium
77.4,6.9,6.84,7.01,3,31.8,37.9,34.9,64.87,Medium
100.0,9.8,8.93,9.1,0,40.4,46.6,43.5,99.5,Low
69.5,7.0,8.14,8.31,1,35.3,41.5,38.4,76.73,Low
71.0,3.5,6.4,6.58,0,30.1,36.3,33.2,68.68,Medium
79.9,7.6,7.62,7.79,0,50.0,50.0,50.0,88.3,Low
60.4,5.4,7.09,7.27,1,30.1,36.3,33.2,69.82,Medium
95.5,9.8,10.0,10.0,0,48.7,50.0,49.3,99.5,Low
53.6,7.8,6.03,6.21,1,39.9,46.1,43.0,71.14,Medium
44.8,5.1,4.65,4.82,1,23.6,29.8,26.7,54.05,High
57.6,3.4,4.47,4.64,2,23.1,29.3,26.2,58.25,Medium
77.0,10.0,9.26,9.44,0,40.7,46.9,43.8,95.6,Low
84.5,9.1,10.0,10.0,0,49.4,50.0,49.7,99.13,Low
54.6,4.9,6.12,6.3,0,36.1,42.2,39.1,71.34,Medium
60.9,7.2,6.55,6.73,0,33.0,39.2,36.1,71.26,Medium
89.2,10.0,8.59,8.77,0,50.0,50.0,50.0,99.5,Low
63.2,6.2,5.39,5.57,1,34.5,40.7,37.6,63.24,Medium
62.3,4.4,6.06,6.24,3,33.0,39.1,36.0,62.18,Medium
83.9,9.5,7.36,7.54,0,40.0,46.1,43.1,86.23,Low
62.7,5.4,6.08,6.26,1,22.4,28.6,25.5,63.46,Medium
71.8,7.7,5.99,6.16,0,29.8,35.9,32.8,72.31,Medium
56.6,5.8,5.49,5.67,0,31.1,37.3,34.2,63.91,Medium
82.3,7.1,8.31,8.48,0,38.6,44.8,41.7,91.0,Low
80.8,5.8,8.69,8.87,0,42.6,48.8,45.7,83.42,Low
77.9,6.5,4.78,4.96,0,28.2,34.4,31.3,72.56,Medium
90.8,8.0,9.48,9.66,1,31.2,37.3,34.2,91.74,Low
35.3,2.7,3.0,3.18,2,5.0,11.2,8.1,34.36,High
65.4,9.2,6.5,6.67,2,31.9,38.1,35.0,73.72,Medium
57.7,3.7,6.84,7.02,2,16.5,22.7,19.6,59.25,Medium
20.0,3.9,4.6,4.78,1,16.6,22.8,19.7,41.5,High
56.1,4.0,5.16,5.34,1,23.8,30.0,26.9,54.62,High
61.2,5.4,5.13,5.3,2,21.8,28.0,24.9,60.49,Medium
83.1,9.8,6.89,7.06,2,44.4,50.0,47.2,84.26,Low
52.5,6.6,4.4,4.57,2,27.9,34.1,31.0,57.68,Medium
67.8,5.9,7.18,7.35,0,30.4,36.6,33.5,73.86,Medium
48.4,5.0,6.25,6.43,3,26.8,33.0,29.9,57.13,Medium
61.0,4.6,5.81,5.99,2,35.0,41.2,38.1,62.7,Medium
85.7,10.0,8.52,8.7,0,37.5,43.7,40.6,85.49,Low
78.3,9.3,6.06,6.24,1,33.1,39.3,36.2,76.5,Low
92.4,8.9,9.49,9.66,0,50.0,50.0,50.0,99.5,Low
75.8,4.6,6.68,6.86,1,38.9,45.1,42.0,74.36,Medium
45.3,3.8,7.39,7.57,2,32.3,38.5,35.4,70.1,Medium
66.0,6.7,6.43,6.6,3,38.6,44.8,41.7,64.92,Medium
85.0,8.0,6.36,6.54,0,22.2,28.4,25.3,74.03,Medium
53.7,4.2,7.05,7.23,1,45.0,50.0,47.5,71.94,Medium
51.4,4.5,4.66,4.84,0,27.5,33.7,30.6,60.52,Medium
63.7,9.2,7.35,7.52,0,41.8,48.0,44.9,75.87,Low
68.2,6.9,7.21,7.39,0,38.7,44.8,41.7,81.4,Low
100.0,10.0,9.95,10.0,1,50.0,50.0,50.0,99.5,Low
98.2,10.0,8.52,8.69,0,48.0,50.0,49.0,89.86,Low
71.9,3.8,5.59,5.76,2,29.3,35.5,32.4,62.48,Medium
50.5,5.9,7.56,7.73,1,29.4,35.6,32.5,66.91,Medium
31.4,4.1,4.38,4.56,1,27.6,33.8,30.7,49.48,High
44.9,4.5,6.53,6.7,1,17.9,24.1,21.0,54.62,High
90.6,6.0,8.25,8.42,1,32.9,39.1,36.0,84.54,Low
83.9,10.0,9.09,9.27,0,50.0,50.0,50.0,99.5,Low
55.3,4.2,4.83,5.0,1,23.4,29.6,26.5,58.06,Medium
52.9,7.2,5.86,6.04,2,26.8,32.9,29.9,54.98,High
22.1,2.5,4.24,4.41,1,9.6,15.8,12.7,41.59,High
62.9,6.5,7.0,7.18,0,35.0,41.1,38.1,74.93,Medium
74.5,5.8,5.67,5.84,2,19.8,26.0,22.9,59.25,Medium
72.9,5.1,5.48,5.66,2,28.2,34.4,31.3,65.12,Medium
44.6,6.1,5.13,5.3,2,32.5,38.7,35.6,61.49,Medium
72.9,3.8,6.53,6.71,2,28.3,34.5,31.4,63.8,Medium
29.8,4.4,3.77,3.94,3,24.6,30.8,27.7,37.28,High
25.3,0.9,5.36,5.53,0,27.3,33.5,30.4,44.41,High
100.0,10.0,8.31,8.48,1,50.0,50.0,50.0,92.53,Low
57.7,5.8,4.64,4.81,7,24.0,30.2,27.1,49.01,High
59.8,5.8,4.86,5.04,1,47.4,50.0,48.7,65.56,Medium
94.5,8.1,8.69,8.86,0,50.0,50.0,50.0,92.65,Low
100.0,10.0,10.0,10.0,0,50.0,50.0,50.0,99.5,Low
55.6,3.8,4.16,4.33,1,17.9,24.1,21.0,54.21,High
65.7,6.4,5.85,6.03,2,30.2,36.4,33.3,66.45,Medium
69.9,4.5,9.04,9.22,4,46.9,50.0,48.4,78.88,Low
81.2,9.7,10.0,10.0,1,50.0,50.0,50.0,93.45,Low
52.4,5.6,5.64,5.82,0,36.0,42.1,39.1,63.56,Medium
74.6,6.0,6.73,6.9,1,37.4,43.6,40.5,73.39,Medium
69.2,8.9,7.97,8.15,1,31.8,38.0,34.9,78.0,Low
81.8,7.9,9.34,9.51,1,41.1,47.3,44.2,82.58,Low
64.9,5.4,6.88,7.06,1,22.1,28.3,25.2,65.95,Medium
73.2,3.9,5.9,6.07,0,22.5,28.6,25.5,70.83,Medium
53.3,4.6,3.2,3.38,1,24.0,30.2,27.1,54.33,High
57.0,5.1,6.91,7.08,0,35.6,41.8,38.7,74.2,Medium
47.3,5.5,6.3,6.47,0,38.1,44.2,41.1,69.65,Medium
66.6,7.9,5.91,6.08,3,39.5,45.6,42.5,73.53,Medium
67.5,7.8,6.24,6.42,1,33.0,39.2,36.1,68.86,Medium
70.6,7.5,7.36,7.54,0,31.1,37.3,34.2,75.42,Low
78.3,9.3,9.0,9.18,0,41.9,48.1,45.0,96.02,Low
52.4,5.0,7.46,7.64,0,24.8,31.0,27.9,69.86,Medium
91.5,7.7,6.85,7.03,1,23.0,29.1,26.1,74.85,Medium
77.2,6.8,7.46,7.64,0,39.6,45.8,42.7,84.5,Low
75.7,8.5,6.35,6.53,1,28.7,34.9,31.8,72.86,Medium
65.4,4.8,5.18,5.36,0,34.0,40.2,37.1,64.42,Medium
79.1,7.0,6.86,7.03,2,44.4,50.0,47.2,74.72,Medium
63.9,8.1,7.65,7.83,0,28.8,35.0,31.9,79.32,Low
100.0,10.0,10.0,10.0,0,50.0,50.0,50.0,99.5,Low
90.5,7.9,10.0,10.0,0,42.7,48.9,45.8,99.5,Low
100.0,10.0,9.06,9.24,0,24.4,30.5,27.4,91.74,Low
60.6,4.0,4.84,5.01,0,28.4,34.6,31.5,61.1,Medium
44.5,4.8,3.0,3.18,5,21.2,27.4,24.3,43.43,High
92.9,9.3,9.77,9.94,1,41.0,47.2,44.1,99.15,Low
62.4,7.6,6.94,7.11,2,50.0,50.0,50.0,76.15,Low
91.2,7.4,6.84,7.01,0,27.4,33.6,30.5,74.97,Medium
31.7,3.6,3.3,3.48,0,21.9,28.0,24.9,44.29,High
88.8,8.0,8.0,8.18,0,34.9,41.1,38.0,83.6,Low
86.4,6.0,8.74,8.92,0,44.2,50.0,47.1,89.96,Low
53.0,7.9,5.06,5.23,0,26.7,32.8,29.7,63.51,Medium
60.9,5.7,7.15,7.33,0,32.6,38.8,35.7,79.6,Low
72.6,8.1,7.69,7.87,0,29.6,35.8,32.7,75.14,Low
68.3,6.4,6.61,6.79,1,29.1,35.3,32.2,67.09,Medium
57.3,5.8,5.95,6.13,0,38.0,44.2,41.1,71.5,Medium
61.7,6.0,7.13,7.31,1,45.5,50.0,47.8,77.73,Low
78.5,4.2,7.11,7.29,2,35.2,41.4,38.3,63.24,Medium
69.5,6.8,7.96,8.13,1,29.0,35.2,32.1,70.68,Medium
85.2,8.7,9.07,9.24,0,48.9,50.0,49.4,93.8,Low
20.0,4.1,3.0,3.18,6,29.2,35.4,32.3,38.92,High
75.0,4.7,6.92,7.1,1,32.7,38.9,35.8,79.6,Low
77.8,6.3,6.75,6.93,0,45.7,50.0,47.9,79.75,Low
78.6,6.0,6.28,6.46,1,31.3,37.5,34.4,72.11,Medium
59.1,8.2,5.44,5.62,0,30.5,36.7,33.6,66.79,Medium
43.9,2.6,3.6,3.77,6,23.4,29.6,26.5,40.64,High
67.1,8.1,7.95,8.13,0,39.6,45.7,42.7,88.87,Low
94.8,10.0,10.0,10.0,0,43.3,49.5,46.4,99.5,Low
51.6,4.0,3.0,3.18,0,15.3,21.5,18.4,49.11,High
91.4,6.3,7.73,7.91,0,48.3,50.0,49.1,85.52,Low
52.6,4.3,5.92,6.1,1,39.5,45.7,42.6,65.76,Medium
58.4,7.9,7.41,7.59,0,44.1,50.0,47.0,85.41,Low
51.2,3.2,4.53,4.71,1,37.7,43.9,40.8,57.1,Medium
79.6,6.8,5.84,6.02,1,32.1,38.3,35.2,66.13,Medium
70.9,9.2,7.74,7.92,0,42.9,49.1,46.0,84.69,Low
80.7,8.3,8.23,8.4,0,48.4,50.0,49.2,89.08,Low
83.7,10.0,9.6,9.78,0,50.0,50.0,50.0,91.62,Low
81.7,7.5,8.21,8.39,0,37.1,43.3,40.2,87.2,Low
71.8,6.2,7.31,7.49,0,30.5,36.7,33.6,78.85,Low
93.4,10.0,10.0,10.0,0,50.0,50.0,50.0,99.5,Low
70.1,6.7,6.64,6.82,0,36.5,42.7,39.6,72.09,Medium
82.1,4.4,7.45,7.63,1,40.9,47.0,43.9,81.33,Low
57.6,7.2,7.42,7.6,0,39.0,45.2,42.1,81.39,Low
54.5,5.5,6.98,7.16,0,39.9,46.1,43.0,75.69,Low
63.9,6.3,6.22,6.39,2,37.4,43.6,40.5,65.23,Medium
92.4,10.0,8.84,9.02,0,28.9,35.1,32.0,87.86,Low
56.4,4.8,4.77,4.94,3,25.8,31.9,28.8,54.2,High
65.9,9.5,7.82,7.99,0,45.5,50.0,47.8,86.33,Low
67.7,6.7,7.22,7.4,2,21.7,27.9,24.8,66.82,Medium
94.7,10.0,9.84,10.0,0,39.4,45.6,42.5,99.5,Low
70.5,6.6,9.05,9.23,2,34.5,40.7,37.6,78.58,Low
99.0,9.9,8.83,9.0,0,49.6,50.0,49.8,92.08,Low
79.3,9.0,9.22,9.39,2,50.0,50.0,50.0,88.75,Low
59.7,3.9,3.81,3.98,1,34.8,41.0,37.9,59.42,Medium
86.1,8.3,6.01,6.18,0,27.7,33.9,30.8,78.66,Low
31.4,4.2,4.66,4.83,0,27.7,33.9,30.8,55.73,Medium
84.1,8.8,6.67,6.84,1,33.5,39.7,36.6,84.66,Low
84.5,10.0,9.86,10.0,0,49.6,50.0,49.8,95.09,Low
88.6,8.3,7.65,7.83,1,42.2,48.4,45.3,84.73,Low
65.8,6.4,6.37,6.54,2,30.2,36.4,33.3,72.98,Medium
40.8,6.7,5.2,5.38,1,37.2,43.4,40.3,55.58,Medium
73.5,5.2,6.34,6.52,1,42.0,48.2,45.1,73.89,Medium
46.2,2.9,4.09,4.27,2,16.2,22.4,19.3,50.35,High
62.1,7.4,6.03,6.2,1,33.9,40.0,37.0,74.54,Medium
75.6,7.7,7.26,7.43,2,42.9,49.1,46.0,81.1,Low
99.6,8.4,7.53,7.7,0,46.0,50.0,48.0,94.25,Low
79.1,7.9,8.6,8.77,0,47.1,50.0,48.5,86.6,Low
27.4,0.0,3.0,3.18,2,15.8,22.0,18.9,38.78,High
84.1,7.1,8.75,8.93,0,38.0,44.2,41.1,84.45,Low
75.0,5.9,5.66,5.84,0,35.5,41.6,38.6,69.12,Medium
82.4,8.8,7.34,7.52,1,23.4,29.6,26.5,79.52,Low
88.8,10.0,8.92,9.09,0,47.2,50.0,48.6,94.6,Low
22.5,4.1,3.0,3.18,2,11.8,18.0,14.9,37.15,High
52.3,6.3,5.36,5.53,0,20.7,26.9,23.8,63.91,Medium
71.8,5.7,9.4,9.57,0,49.1,50.0,49.5,95.35,Low
49.0,4.9,4.24,4.42,3,24.1,30.3,27.2,51.31,High
100.0,10.0,8.6,8.77,1,46.3,50.0,48.2,93.15,Low
72.7,9.2,5.78,5.96,0,33.2,39.4,36.3,78.59,Low
96.7,10.0,6.69,6.87,0,43.3,49.4,46.4,86.57,Low
72.0,3.5,5.35,5.52,0,36.1,42.3,39.2,71.76,Medium
84.3,7.6,7.61,7.79,0,35.1,41.3,38.2,84.61,Low
77.9,7.6,8.41,8.59,1,43.0,49.2,46.1,87.21,Low
87.7,7.4,5.15,5.33,0,42.1,48.2,45.1,72.09,Medium
71.4,7.2,7.12,7.29,2,22.4,28.6,25.5,62.25,Medium
73.9,6.9,8.18,8.36,2,35.9,42.1,39.0,73.28,Medium
49.9,6.8,6.79,6.97,2,23.7,29.8,26.7,69.78,Medium
56.6,5.0,4.84,5.02,1,31.8,38.0,34.9,57.13,Medium
50.7,5.1,5.82,6.0,2,29.2,35.4,32.3,62.67,Medium
80.8,6.0,6.68,6.86,1,38.2,44.4,41.3,74.61,Medium
77.2,8.0,8.63,8.81,0,50.0,50.0,50.0,89.7,Low
80.6,3.3,3.9,4.08,1,22.7,28.9,25.8,58.39,Medium
55.0,6.5,8.1,8.28,1,35.0,41.2,38.1,81.08,Low
80.6,9.1,9.36,9.53,1,50.0,50.0,50.0,94.94,Low
60.5,4.4,5.43,5.6,2,23.8,30.0,26.9,59.88,Medium
69.3,6.6,6.84,7.01,0,39.7,45.9,42.8,82.78,Low
72.1,7.1,7.13,7.31,1,35.8,41.9,38.8,74.61,Medium
88.1,9.7,8.6,8.77,0,50.0,50.0,50.0,98.84,Low
49.8,6.5,6.14,6.32,1,39.3,45.5,42.4,71.6,Medium
83.8,9.0,7.83,8.0,0,47.4,50.0,48.7,93.18,Low
71.8,7.5,7.71,7.88,1,40.8,47.0,43.9,80.41,Low
63.4,8.2,10.0,10.0,0,36.8,43.0,39.9,87.3,Low
78.6,8.7,8.31,8.49,0,39.2,45.4,42.3,85.12,Low
85.1,10.0,10.0,10.0,0,50.0,50.0,50.0,96.61,Low
51.3,7.2,5.57,5.75,1,32.2,38.3,35.3,62.01,Medium
28.6,2.3,4.21,4.39,3,14.8,20.9,17.8,39.88,High
87.0,10.0,8.31,8.48,0,45.9,50.0,47.9,92.66,Low
64.2,5.2,4.61,4.79,2,37.1,43.2,40.1,63.17,Medium
72.9,8.2,6.48,6.66,2,43.5,49.7,46.6,77.8,Low
99.2,9.1,10.0,10.0,1,40.5,46.6,43.6,93.57,Low
48.3,6.2,5.78,5.96,2,15.7,21.9,18.8,52.61,High
58.1,3.1,4.27,4.44,0,26.0,32.2,29.1,56.84,Medium
40.8,2.0,3.47,3.65,3,31.1,37.3,34.2,41.07,High
57.5,4.6,3.97,4.15,1,35.3,41.5,38.4,55.76,Medium
80.6,5.6,7.62,7.79,1,29.0,35.2,32.1,82.64,Low
78.3,5.8,7.84,8.01,2,36.6,42.8,39.7,71.81,Medium
68.7,8.1,7.98,8.16,3,29.8,36.0,32.9,80.76,Low
40.7,4.4,5.22,5.39,0,20.1,26.3,23.2,57.6,Medium
20.6,2.2,3.0,3.18,0,25.6,31.8,28.7,46.36,High
73.1,6.4,7.39,7.57,1,24.5,30.7,27.6,76.61,Low
59.0,5.2,5.37,5.54,2,18.7,24.8,21.7,59.36,Medium
69.2,9.9,8.06,8.24,0,32.1,38.3,35.2,89.93,Low
73.3,7.0,7.54,7.71,0,42.0,48.2,45.1,79.07,Low
58.2,5.2,7.45,7.62,1,39.5,45.7,42.6,73.05,Medium
90.7,9.2,8.43,8.61,0,43.5,49.7,46.6,90.46,Low
72.7,6.9,7.25,7.43,2,44.2,50.0,47.1,71.5,Medium
68.4,10.0,8.42,8.59,1,26.2,32.3,29.3,78.71,Low
64.1,4.9,4.19,4.36,2,36.3,42.5,39.4,66.02,Medium
59.3,7.7,5.54,5.71,1,30.3,36.5,33.4,66.41,Medium
57.3,8.6,6.89,7.07,2,40.8,47.0,43.9,80.47,Low
92.2,7.5,6.9,7.07,1,31.7,37.9,34.8,87.29,Low
55.9,5.1,5.76,5.94,2,30.7,36.9,33.8,72.13,Medium
72.8,8.7,7.35,7.52,0,40.1,46.3,43.2,90.23,Low
63.9,7.2,7.53,7.7,2,39.8,46.0,42.9,83.55,Low
77.4,4.6,6.73,6.9,2,21.9,28.1,25.0,68.04,Medium
82.3,6.6,9.14,9.31,1,41.3,47.4,44.4,88.55,Low
22.1,0.0,3.68,3.86,2,9.5,15.6,12.6,34.17,High
51.4,5.4,4.11,4.29,1,26.5,32.7,29.6,56.09,Medium
38.0,3.9,4.4,4.58,1,26.8,33.0,29.9,52.7,High
47.2,2.6,3.49,3.67,0,23.2,29.4,26.3,53.41,High
56.5,3.3,6.72,6.9,2,24.5,30.7,27.6,59.43,Medium
58.4,6.5,7.95,8.13,1,46.9,50.0,48.4,74.12,Medium
66.7,5.6,4.83,5.01,3,41.1,47.3,44.2,63.76,Medium
90.8,6.2,5.59,5.77,0,24.2,30.4,27.3,71.01,Medium
100.0,8.8,8.36,8.53,1,47.5,50.0,48.8,91.16,Low
100.0,9.9,6.95,7.13,0,50.0,50.0,50.0,91.73,Low
56.6,9.9,8.3,8.47,1,31.6,37.8,34.7,78.05,Low
100.0,9.1,9.64,9.81,2,37.0,43.2,40.1,96.86,Low
62.3,8.5,6.38,6.56,2,41.4,47.6,44.5,72.37,Medium
56.0,4.2,4.38,4.55,2,18.5,24.7,21.6,55.78,Medium
45.2,3.4,6.71,6.89,2,27.7,33.9,30.8,60.27,Medium
36.4,3.8,3.28,3.46,2,21.1,27.3,24.2,43.09,High
46.1,3.1,4.37,4.55,2,31.5,37.6,34.5,52.64,High
70.9,6.2,5.5,5.68,0,26.6,32.8,29.7,64.6,Medium
89.7,7.1,8.27,8.44,1,36.0,42.2,39.1,86.43,Low
100.0,7.0,10.0,10.0,0,49.3,50.0,49.7,99.5,Low
31.0,6.9,5.52,5.7,2,29.3,35.5,32.4,59.97,Medium
71.6,6.7,8.41,8.58,1,50.0,50.0,50.0,79.72,Low
42.8,2.7,5.03,5.21,2,14.6,20.8,17.7,42.58,High
84.8,8.9,8.53,8.7,0,40.2,46.4,43.3,89.01,Low
77.6,5.6,5.97,6.15,1,25.3,31.5,28.4,73.66,Medium
47.4,5.2,3.0,3.18,2,25.6,31.7,28.7,48.94,High
76.2,7.4,7.77,7.95,1,35.3,41.5,38.4,77.64,Low
30.3,5.0,5.05,5.22,3,24.1,30.3,27.2,43.24,High
41.3,6.4,5.32,5.5,1,25.3,31.5,28.4,56.37,Medium
64.0,5.8,4.12,4.29,5,24.4,30.6,27.5,46.68,High
52.9,6.8,5.27,5.45,0,30.7,36.9,33.8,69.23,Medium
67.8,7.4,8.09,8.26,0,41.0,47.2,44.1,87.27,Low
81.2,7.2,8.02,8.2,2,32.4,38.5,35.4,75.25,Low
86.2,8.4,5.81,5.98,0,27.5,33.7,30.6,79.45,Low
74.4,7.7,6.26,6.43,1,42.2,48.4,45.3,79.33,Low
87.5,8.8,8.33,8.51,0,44.9,50.0,47.4,88.02,Low
60.9,4.2,6.91,7.08,0,39.2,45.4,42.3,73.1,Medium
45.2,5.1,4.1,4.28,0,16.5,22.7,19.6,54.58,High
100.0,8.7,7.96,8.14,1,31.9,38.0,34.9,87.78,Low
66.6,5.7,6.88,7.06,0,30.9,37.1,34.0,67.8,Medium
94.2,10.0,9.56,9.73,0,50.0,50.0,50.0,99.5,Low
86.2,5.5,7.43,7.61,0,38.4,44.6,41.5,84.85,Low
54.1,8.9,5.84,6.02,1,31.5,37.7,34.6,74.21,Medium
81.5,7.4,7.64,7.81,0,30.9,37.1,34.0,79.76,Low
98.2,10.0,9.91,10.0,0,50.0,50.0,50.0,99.5,Low
78.1,9.8,10.0,10.0,0,44.4,50.0,47.2,95.87,Low
47.9,4.6,6.46,6.63,0,29.5,35.7,32.6,67.04,Medium
60.5,6.9,7.9,8.08,0,39.4,45.5,42.4,80.51,Low
91.6,9.1,8.85,9.03,0,30.2,36.3,33.2,92.89,Low
54.8,6.3,6.29,6.47,0,35.7,41.9,38.8,67.21,Medium
75.5,7.1,8.57,8.74,0,41.2,47.4,44.3,88.39,Low
87.1,3.7,7.17,7.34,0,40.1,46.3,43.2,77.7,Low
60.6,5.2,6.88,7.05,0,40.6,46.8,43.7,74.35,Medium
53.6,8.3,6.32,6.5,2,25.8,32.0,28.9,71.28,Medium
44.0,2.6,4.52,4.69,1,13.0,19.2,16.1,43.13,High
25.4,5.3,5.62,5.79,1,15.4,21.6,18.5,50.54,High
49.3,3.6,5.18,5.36,2,17.7,23.9,20.8,47.52,High
44.2,5.8,6.65,6.82,0,33.5,39.7,36.6,69.06,Medium
77.1,7.2,6.56,6.74,2,37.2,43.3,40.2,77.85,Low
94.1,8.9,10.0,10.0,0,50.0,50.0,50.0,99.5,Low
100.0,10.0,8.45,8.62,0,46.0,50.0,48.0,96.71,Low
51.3,5.3,5.43,5.61,1,32.3,38.5,35.4,67.11,Medium
84.2,8.0,7.86,8.04,1,34.9,41.1,38.0,84.4,Low
60.5,5.7,7.15,7.32,1,27.2,33.4,30.3,72.65,Medium
62.9,7.2,6.59,6.77,4,34.9,41.1,38.0,67.92,Medium
65.3,9.3,6.7,6.87,1,32.9,39.1,36.0,65.37,Medium
79.7,7.7,7.56,7.73,2,41.1,47.3,44.2,79.98,Low
65.4,8.6,5.03,5.21,2,23.7,29.9,26.8,59.54,Medium
78.2,7.8,10.0,10.0,1,36.9,43.1,40.0,86.57,Low
47.3,5.9,4.37,4.55,3,28.7,34.9,31.8,57.71,Medium
62.0,7.5,7.68,7.86,2,40.3,46.4,43.4,74.64,Medium
100.0,9.7,10.0,10.0,0,49.2,50.0,49.6,99.5,Low
70.9,7.5,7.45,7.63,2,40.6,46.8,43.7,72.42,Medium
100.0,9.2,9.13,9.31,0,42.5,48.6,45.5,94.1,Low
67.6,5.8,6.25,6.42,1,34.9,41.1,38.0,73.4,Medium
80.5,8.3,6.92,7.09,1,48.9,50.0,49.4,81.73,Low
53.8,6.9,8.26,8.43,0,39.2,45.4,42.3,80.89,Low
60.6,6.4,6.61,6.79,0,38.1,44.3,41.2,74.2,Medium
56.9,5.4,6.49,6.66,3,40.7,46.9,43.8,65.13,Medium
91.2,7.4,8.78,8.95,0,32.7,38.9,35.8,88.12,Low
55.7,4.8,4.98,5.16,2,19.9,26.0,23.0,55.65,Medium
93.2,8.1,8.31,8.49,0,34.6,40.8,37.7,91.69,Low
92.9,7.7,8.69,8.86,1,41.4,47.6,44.5,95.7,Low
90.5,10.0,6.38,6.56,1,20.6,26.8,23.7,76.53,Low
62.5,4.3,6.15,6.32,1,30.1,36.3,33.2,64.55,Medium
99.6,6.8,8.1,8.28,1,34.0,40.2,37.1,84.18,Low
57.9,5.6,5.83,6.0,2,36.9,43.0,40.0,70.03,Medium
76.2,10.0,8.1,8.27,0,44.4,50.0,47.2,92.33,Low
24.8,1.8,3.53,3.71,2,14.2,20.4,17.3,30.31,High
85.6,6.8,8.13,8.31,1,35.3,41.5,38.4,76.43,Low
42.4,3.8,3.0,3.18,2,22.1,28.3,25.2,41.2,High
39.2,4.7,4.71,4.89,3,15.9,22.1,19.0,47.08,High
100.0,10.0,8.89,9.07,0,42.1,48.3,45.2,97.71,Low
90.1,10.0,7.75,7.92,1,26.0,32.2,29.1,85.58,Low
75.4,4.9,5.33,5.5,1,20.2,26.4,23.3,63.02,Medium
27.0,4.5,4.85,5.02,2,16.0,22.2,19.1,50.9,High
20.0,0.0,3.0,3.18,0,9.3,15.5,12.4,37.63,High
54.1,6.0,6.04,6.22,1,22.8,28.9,25.9,63.46,Medium
89.4,9.8,10.0,10.0,0,50.0,50.0,50.0,99.5,Low
86.0,7.3,8.68,8.86,0,29.1,35.3,32.2,80.51,Low
55.8,3.5,6.58,6.76,1,30.4,36.6,33.5,64.66,Medium
83.3,8.2,7.1,7.27,1,40.9,47.1,44.0,82.86,Low
65.1,1.8,4.59,4.77,0,23.5,29.7,26.6,60.25,Medium
59.4,6.5,6.74,6.92,0,31.6,37.7,34.6,66.78,Medium
65.5,5.3,6.24,6.41,0,24.1,30.2,27.1,67.59,Medium
67.7,5.5,5.24,5.42,2,28.9,35.1,32.0,63.88,Medium
91.3,9.8,6.32,6.5,1,37.9,44.1,41.0,84.12,Low
68.2,8.2,7.45,7.62,1,34.1,40.3,37.2,82.04,Low
73.1,9.5,8.2,8.38,1,40.2,46.4,43.3,87.99,Low
66.9,7.8,4.57,4.74,1,38.1,44.3,41.2,67.79,Medium
87.0,7.2,9.27,9.44,3,47.3,50.0,48.7,89.03,Low
75.2,10.0,9.71,9.88,0,40.9,47.1,44.0,93.74,Low
39.3,3.1,6.37,6.54,0,30.5,36.7,33.6,62.67,Medium
67.9,6.3,5.62,5.8,2,30.9,37.1,34.0,68.37,Medium
94.7,8.4,8.11,8.29,0,39.7,45.9,42.8,90.88,Low
57.1,5.2,6.89,7.06,0,38.3,44.5,41.4,74.58,Medium
90.2,10.0,9.79,9.97,0,44.8,50.0,47.4,99.5,Low
60.6,7.4,5.55,5.73,0,20.4,26.5,23.5,68.74,Medium
100.0,10.0,7.98,8.15,0,49.6,50.0,49.8,99.5,Low
56.7,7.3,7.11,7.29,4,36.6,42.8,39.7,74.61,Medium
64.0,7.4,6.34,6.51,1,34.6,40.8,37.7,74.55,Medium
97.3,10.0,10.0,10.0,0,47.0,50.0,48.5,99.5,Low
60.9,6.6,5.82,5.99,2,25.9,32.1,29.0,65.1,Medium
57.7,6.0,6.75,6.93,1,30.3,36.5,33.4,70.58,Medium
48.1,6.3,4.13,4.3,1,29.9,36.1,33.0,59.63,Medium
79.3,8.7,7.69,7.87,1,39.0,45.2,42.1,88.86,Low
52.3,1.9,5.42,5.6,2,23.2,29.4,26.3,47.38,High
83.7,7.7,7.08,7.26,0,31.3,37.5,34.4,86.49,Low
60.2,3.9,5.74,5.92,0,23.2,29.3,26.3,70.09,Medium
86.6,9.1,8.39,8.56,0,28.3,34.5,31.4,89.32,Low
20.0,5.0,3.0,3.18,4,17.6,23.8,20.7,36.08,High
53.9,4.8,5.68,5.86,2,18.8,25.0,21.9,55.88,Medium
51.9,4.1,3.0,3.18,1,20.6,26.8,23.7,48.75,High
52.8,6.5,5.3,5.47,2,29.6,35.8,32.7,62.92,Medium
63.3,4.3,7.69,7.86,1,40.3,46.5,43.4,77.11,Low
60.0,5.8,6.3,6.48,3,24.0,30.2,27.1,63.37,Medium
65.7,6.9,5.47,5.64,0,31.4,37.6,34.5,72.29,Medium
61.6,2.5,7.46,7.63,0,44.3,50.0,47.2,78.18,Low
76.3,5.8,7.8,7.98,0,47.7,50.0,48.9,87.08,Low
56.1,6.6,4.15,4.32,2,32.3,38.5,35.4,54.65,High
88.9,9.4,6.84,7.01,0,42.4,48.6,45.5,90.05,Low
93.5,8.5,7.07,7.25,0,32.6,38.8,35.7,91.31,Low
84.5,8.7,7.95,8.12,0,42.3,48.5,45.4,89.1,Low
68.1,8.0,7.99,8.17,1,37.6,43.8,40.7,86.01,Low
64.0,8.1,8.01,8.19,3,40.4,46.6,43.5,72.78,Medium
100.0,9.8,9.97,10.0,0,46.9,50.0,48.4,99.5,Low
62.0,6.8,5.82,6.0,3,32.0,38.2,35.1,61.16,Medium
51.4,5.4,7.1,7.28,1,32.5,38.7,35.6,73.56,Medium
50.8,7.3,5.02,5.2,1,29.3,35.5,32.4,68.07,Medium
45.7,7.2,5.21,5.39,1,28.7,34.9,31.8,61.12,Medium
40.1,6.6,3.29,3.47,3,19.4,25.5,22.5,48.85,High
49.7,4.7,4.78,4.95,2,17.0,23.2,20.1,57.56,Medium
78.6,5.3,7.59,7.76,1,44.8,50.0,47.4,80.59,Low
75.7,9.2,6.72,6.9,1,50.0,50.0,50.0,82.76,Low
93.6,7.6,7.62,7.8,1,37.6,43.7,40.7,87.6,Low
56.7,6.0,3.4,3.58,2,18.2,24.4,21.3,47.42,High
80.4,7.4,7.83,8.0,0,36.2,42.4,39.3,84.73,Low
80.6,8.7,7.9,8.08,0,43.8,50.0,46.9,96.05,Low
67.9,5.0,8.1,8.27,3,42.0,48.2,45.1,72.28,Medium
61.3,6.6,4.64,4.81,3,20.0,26.1,23.1,57.81,Medium
98.1,9.7,8.34,8.51,0,37.8,44.0,40.9,95.41,Low
62.7,9.4,8.07,8.25,2,37.0,43.1,40.1,78.19,Low
52.0,5.3,3.69,3.86,2,27.7,33.9,30.8,53.34,High
68.9,4.7,6.35,6.52,1,31.0,37.2,34.1,75.09,Low
56.7,7.5,7.37,7.55,1,25.3,31.5,28.4,73.16,Medium
60.4,8.3,3.94,4.11,3,30.7,36.9,33.8,60.04,Medium
83.9,5.9,6.71,6.89,1,43.5,49.7,46.6,84.85,Low
34.7,4.2,5.48,5.65,0,21.1,27.2,24.1,55.2,Medium
90.6,10.0,9.54,9.72,1,48.2,50.0,49.1,93.1,Low
72.0,9.8,8.78,8.96,0,41.3,47.5,44.4,96.36,Low
51.1,9.8,6.47,6.65,3,25.9,32.1,29.0,65.3,Medium
84.7,6.4,7.94,8.12,4,44.3,50.0,47.1,80.54,Low
22.4,1.3,3.4,3.57,2,16.2,22.4,19.3,33.25,High
37.3,6.5,4.33,4.51,1,27.6,33.8,30.7,56.53,Medium
65.3,4.6,7.68,7.86,4,42.0,48.2,45.1,65.23,Medium
44.5,4.7,6.16,6.34,1,17.5,23.7,20.6,58.28,Medium
75.4,7.9,8.62,8.8,2,36.2,42.4,39.3,79.52,Low
100.0,10.0,9.44,9.61,0,50.0,50.0,50.0,98.25,Low
36.4,5.7,3.88,4.06,1,20.0,26.2,23.1,48.79,High
44.7,6.0,5.08,5.26,1,32.4,38.5,35.5,52.52,High
73.5,6.6,7.25,7.43,4,34.7,40.9,37.8,65.51,Medium
100.0,10.0,7.95,8.12,0,40.7,46.9,43.8,96.73,Low
59.6,10.0,5.17,5.34,3,24.1,30.3,27.2,62.97,Medium
65.6,8.2,8.38,8.56,2,37.3,43.5,40.4,75.46,Low
100.0,10.0,10.0,10.0,0,50.0,50.0,50.0,99.5,Low
32.1,2.2,3.38,3.56,0,22.7,28.9,25.8,43.02,High
64.5,3.7,3.91,4.08,2,26.3,32.5,29.4,56.51,Medium
49.5,5.8,6.35,6.53,0,32.6,38.8,35.7,68.05,Medium
72.4,5.2,5.78,5.95,1,28.3,34.4,31.3,66.23,Medium
75.2,8.2,8.58,8.76,0,35.9,42.1,39.0,86.25,Low
92.2,9.7,7.75,7.93,1,38.1,44.3,41.2,96.77,Low
43.7,5.5,4.77,4.94,2,16.6,22.8,19.7,48.48,High
66.6,7.5,6.66,6.83,0,50.0,50.0,50.0,81.04,Low
53.0,4.1,6.02,6.19,6,38.5,44.7,41.6,58.72,Medium
97.5,10.0,8.64,8.82,2,49.3,50.0,49.6,89.56,Low
67.9,5.7,5.64,5.82,1,31.3,37.5,34.4,61.78,Medium
56.5,3.3,6.5,6.67,1,28.0,34.2,31.1,61.69,Medium
77.6,8.7,8.6,8.77,2,29.8,36.0,32.9,83.77,Low
88.6,9.5,9.36,9.53,1,39.0,45.2,42.1,91.59,Low
76.9,4.2,7.94,8.12,1,38.5,44.7,41.6,77.52,Low
26.4,2.8,3.84,4.01,4,21.3,27.5,24.4,40.22,High
69.0,7.6,7.49,7.66,1,41.9,48.0,45.0,77.1,Low
52.8,6.1,3.48,3.66,2,31.7,37.8,34.7,53.84,High
84.2,6.5,8.41,8.58,1,31.2,37.3,34.2,76.84,Low
60.0,3.2,4.09,4.27,2,17.1,23.3,20.2,51.11,High
83.4,8.6,8.01,8.19,3,47.9,50.0,49.0,83.78,Low
57.2,4.8,6.04,6.22,3,32.5,38.7,35.6,63.53,Medium
53.7,5.4,3.5,3.67,0,20.4,26.5,23.5,50.78,High
73.5,6.5,7.18,7.36,0,39.3,45.5,42.4,79.49,Low
70.6,5.3,8.6,8.78,3,35.3,41.5,38.4,70.26,Medium
49.3,6.8,6.02,6.19,0,29.0,35.2,32.1,66.44,Medium
80.2,9.6,8.74,8.92,0,49.6,50.0,49.8,98.75,Low
63.8,7.3,5.94,6.11,1,48.0,50.0,49.0,73.02,Medium
70.4,6.1,7.83,8.01,0,35.6,41.8,38.7,75.38,Low
79.4,6.1,8.1,8.27,0,40.9,47.1,44.0,82.65,Low
62.9,7.7,4.43,4.6,0,16.9,23.1,20.0,56.34,Medium
78.4,5.5,9.07,9.25,1,34.6,40.8,37.7,78.53,Low
64.5,7.6,6.76,6.94,1,38.1,44.2,41.2,77.47,Low
60.6,7.9,5.96,6.14,4,33.3,39.5,36.4,57.88,Medium
95.3,10.0,8.04,8.22,0,14.9,21.0,17.9,86.02,Low
43.0,4.1,5.98,6.16,2,29.9,36.1,33.0,57.93,Medium
30.7,1.6,3.13,3.3,2,26.9,33.1,30.0,38.78,High
100.0,9.2,8.23,8.4,0,33.7,39.9,36.8,92.64,Low
100.0,9.3,10.0,10.0,0,50.0,50.0,50.0,98.9,Low
61.6,4.8,8.92,9.1,1,11.2,17.3,14.2,73.09,Medium
28.8,4.4,3.52,3.7,2,24.1,30.3,27.2,41.7,High
57.5,7.2,5.6,5.78,1,31.3,37.5,34.4,65.19,Medium
51.9,4.8,5.41,5.58,0,15.1,21.3,18.2,57.14,Medium
77.4,7.4,8.07,8.25,1,35.5,41.7,38.6,84.27,Low
59.7,5.5,5.67,5.85,3,32.6,38.8,35.7,62.88,Medium
83.2,9.9,9.05,9.23,0,41.5,47.7,44.6,84.88,Low
96.6,8.5,7.92,8.09,0,42.6,48.7,45.6,92.72,Low
40.7,5.7,5.39,5.56,3,18.4,24.6,21.5,44.98,High
100.0,8.7,7.23,7.4,0,26.9,33.1,30.0,84.16,Low
100.0,10.0,10.0,10.0,0,50.0,50.0,50.0,99.5,Low
73.5,5.3,7.35,7.53,3,47.7,50.0,48.9,73.0,Medium
58.3,6.1,7.47,7.65,1,39.0,45.2,42.1,76.34,Low
69.3,6.5,6.85,7.02,1,18.9,25.1,22.0,71.58,Medium
86.8,7.5,7.28,7.46,1,28.6,34.8,31.7,76.45,Low
37.4,4.5,3.92,4.09,1,13.4,19.5,16.5,43.84,High
88.6,8.0,5.57,5.75,1,24.2,30.4,27.3,72.44,Medium
63.8,6.7,4.05,4.22,1,31.0,37.2,34.1,56.35,Medium
100.0,9.7,10.0,10.0,0,50.0,50.0,50.0,99.5,Low
55.9,5.5,6.17,6.34,0,22.5,28.7,25.6,70.46,Medium
100.0,10.0,9.4,9.58,0,50.0,50.0,50.0,95.92,Low
47.9,5.4,5.67,5.85,1,28.8,35.0,31.9,60.38,Medium
71.9,6.4,9.06,9.23,1,35.2,41.3,38.2,80.62,Low
65.7,7.1,7.82,8.0,1,35.5,41.7,38.6,84.73,Low
79.9,2.9,7.06,7.23,2,13.0,19.1,16.1,61.86,Medium
68.4,7.2,7.55,7.73,4,33.2,39.4,36.3,67.87,Medium
74.0,8.6,9.13,9.31,0,44.4,50.0,47.2,87.79,Low
55.5,5.4,6.47,6.64,2,32.4,38.6,35.5,65.09,Medium
38.7,6.1,3.0,3.18,2,22.3,28.5,25.4,47.08,High
73.2,5.2,7.63,7.81,2,35.6,41.7,38.7,71.03,Medium
58.2,6.3,3.06,3.24,3,24.5,30.7,27.6,52.94,High
68.9,9.3,5.69,5.87,1,33.1,39.3,36.2,73.65,Medium
60.2,8.2,6.68,6.86,2,40.3,46.5,43.4,75.72,Low
42.4,3.9,3.19,3.37,5,18.8,25.0,21.9,35.51,High
31.8,2.5,3.65,3.82,4,22.5,28.7,25.6,38.5,High
70.0,5.7,9.27,9.45,0,36.8,43.0,39.9,84.41,Low
49.9,5.3,6.9,7.08,2,25.0,31.2,28.1,67.9,Medium
20.0,1.5,3.0,3.18,4,15.9,22.0,19.0,29.6,High
92.0,7.1,7.71,7.89,0,36.8,43.0,39.9,86.53,Low
79.5,6.8,6.11,6.29,1,39.0,45.2,42.1,74.08,Medium
65.6,5.4,6.22,6.4,2,28.1,34.3,31.2,63.41,Medium
46.0,5.2,4.34,4.51,3,20.7,26.9,23.8,49.53,High
90.0,6.5,6.45,6.63,1,38.8,45.0,41.9,81.83,Low
56.3,6.4,7.48,7.66,0,33.4,39.6,36.5,72.83,Medium
100.0,10.0,10.0,10.0,0,42.7,48.9,45.8,99.5,Low
76.9,7.2,8.38,8.56,2,40.3,46.4,43.3,82.39,Low
80.9,10.0,7.39,7.57,4,38.9,45.1,42.0,78.47,Low
69.0,6.8,6.18,6.36,0,38.5,44.7,41.6,69.71,Medium
72.0,5.9,9.98,10.0,0,37.2,43.4,40.3,85.02,Low
63.6,8.4,7.87,8.04,2,50.0,50.0,50.0,75.51,Low
82.2,9.7,9.58,9.75,2,42.0,48.2,45.1,90.91,Low
64.8,5.7,5.43,5.6,1,23.4,29.6,26.5,60.27,Medium
67.5,4.4,6.68,6.86,2,23.3,29.5,26.4,62.76,Medium
46.2,8.4,4.68,4.85,0,17.8,24.0,20.9,55.9,Medium
71.6,6.6,7.73,7.9,1,50.0,50.0,50.0,80.53,Low
86.2,10.0,8.26,8.44,0,50.0,50.0,50.0,89.85,Low
56.6,6.3,5.48,5.65,0,34.3,40.5,37.4,70.83,Medium
47.2,6.9,7.2,7.38,1,24.1,30.3,27.2,68.89,Medium
59.1,9.7,6.78,6.96,3,49.3,50.0,49.7,74.85,Medium
55.6,7.2,7.03,7.2,1,29.4,35.6,32.5,69.56,Medium
85.0,7.6,9.78,9.96,2,40.2,46.4,43.3,82.07,Low
20.0,4.5,3.0,3.18,1,24.9,31.1,28.0,41.34,High
52.8,4.5,6.29,6.46,2,31.6,37.8,34.7,59.71,Medium
65.3,5.7,5.95,6.12,1,42.8,48.9,45.8,72.41,Medium
20.0,1.0,3.0,3.18,2,16.0,22.2,19.1,35.69,High
49.6,3.7,5.84,6.01,3,23.0,29.2,26.1,55.01,Medium
62.7,5.3,6.9,7.08,0,21.9,28.1,25.0,74.05,Medium
60.4,7.0,5.88,6.06,0,19.4,25.5,22.5,64.6,Medium
81.2,6.3,7.83,8.0,0,41.5,47.7,44.6,82.73,Low
75.5,7.1,5.47,5.64,1,39.9,46.1,43.0,76.64,Low
47.4,3.9,5.94,6.12,1,29.4,35.6,32.5,61.39,Medium
78.1,8.5,7.72,7.9,1,33.7,39.8,36.7,80.57,Low
90.1,8.1,8.1,8.28,0,36.0,42.1,39.0,94.81,Low
48.0,3.6,3.22,3.39,2,27.3,33.5,30.4,49.68,High
57.3,5.4,4.64,4.82,1,33.3,39.5,36.4,60.85,Medium
80.7,6.5,8.24,8.42,2,41.8,47.9,44.9,79.31,Low
74.4,8.2,6.36,6.54,1,33.3,39.5,36.4,79.85,Low
73.5,7.9,8.06,8.24,1,33.9,40.1,37.0,81.68,Low
68.2,6.6,6.31,6.48,1,40.0,46.1,43.0,73.75,Medium
79.3,8.8,8.91,9.08,0,18.0,24.2,21.1,86.16,Low
57.4,3.6,5.35,5.53,4,27.9,34.1,31.0,56.15,Medium
57.5,5.0,7.31,7.48,3,50.0,50.0,50.0,72.16,Medium
74.6,7.0,6.58,6.76,2,21.7,27.8,24.7,71.59,Medium
52.0,3.2,5.2,5.38,1,22.0,28.2,25.1,57.6,Medium
28.3,2.6,4.55,4.73,2,20.7,26.8,23.7,46.39,High
91.7,9.1,7.13,7.31,0,36.6,42.8,39.7,84.14,Low
84.4,6.9,6.54,6.71,2,38.3,44.5,41.4,82.24,Low
60.6,3.3,5.77,5.95,0,28.6,34.8,31.7,60.49,Medium
80.6,5.8,7.68,7.85,1,34.2,40.4,37.3,79.89,Low
88.0,7.5,9.09,9.27,0,49.2,50.0,49.6,89.34,Low
20.0,5.4,3.0,3.18,3,14.7,20.9,17.8,35.6,High
24.1,5.5,3.53,3.7,3,43.5,49.7,46.6,46.18,High
54.9,4.6,4.84,5.02,1,27.2,33.4,30.3,59.28,Medium
86.9,10.0,9.45,9.63,0,47.8,50.0,48.9,99.09,Low
63.7,5.4,7.17,7.35,2,24.4,30.6,27.5,63.56,Medium
80.4,7.2,7.09,7.27,0,36.7,42.9,39.8,81.42,Low
54.8,5.0,3.84,4.02,2,32.3,38.5,35.4,59.77,Medium
34.4,5.5,3.01,3.18,2,15.1,21.3,18.2,37.52,High
71.1,7.4,4.75,4.93,0,22.7,28.9,25.8,63.71,Medium
84.1,7.2,6.78,6.96,0,34.7,40.9,37.8,83.75,Low
66.6,7.8,9.82,10.0,1,48.3,50.0,49.1,89.69,Low
73.5,6.3,8.1,8.27,1,32.7,38.9,35.8,79.23,Low
67.9,6.9,6.39,6.57,2,34.0,40.2,37.1,73.54,Medium
76.1,6.5,7.2,7.38,1,22.3,28.5,25.4,70.28,Medium
92.2,8.4,6.8,6.98,2,43.8,50.0,46.9,80.49,Low
89.1,8.7,6.99,7.17,0,45.5,50.0,47.7,85.44,Low
49.6,4.3,3.0,3.18,2,7.8,13.9,10.8,40.69,High
20.0,1.3,3.0,3.18,2,22.8,29.0,25.9,40.73,High
96.2,7.1,8.34,8.51,0,47.9,50.0,48.9,86.68,Low
79.7,9.4,9.05,9.22,0,50.0,50.0,50.0,90.11,Low
53.2,7.1,5.66,5.84,0,29.4,35.6,32.5,62.68,Medium
39.0,3.9,3.34,3.51,0,22.8,28.9,25.9,54.51,High
74.5,6.4,7.0,7.18,0,38.5,44.7,41.6,77.27,Low
87.2,8.7,7.4,7.57,0,48.0,50.0,49.0,87.88,Low
90.1,8.3,8.65,8.82,0,36.5,42.7,39.6,85.06,Low
63.3,9.5,6.33,6.5,0,27.9,34.1,31.0,73.73,Medium
70.4,6.4,6.75,6.93,1,25.7,31.9,28.8,74.11,Medium
54.7,4.3,4.98,5.15,1,25.5,31.7,28.6,59.24,Medium
79.7,6.6,5.14,5.31,1,36.8,43.0,39.9,70.86,Medium
62.5,5.6,6.23,6.41,1,33.7,39.9,36.8,63.36,Medium
36.7,6.9,3.95,4.13,3,33.2,39.4,36.3,49.93,High
100.0,10.0,10.0,10.0,0,50.0,50.0,50.0,99.5,Low
94.6,10.0,9.31,9.49,0,43.1,49.2,46.2,94.9,Low
90.7,9.5,9.34,9.52,0,45.3,50.0,47.7,99.5,Low
45.9,4.2,6.21,6.39,2,20.2,26.4,23.3,59.53,Medium
99.0,8.5,7.39,7.57,1,39.9,46.1,43.0,85.48,Low
70.1,8.3,7.96,8.13,0,41.7,47.9,44.8,87.61,Low
72.1,5.4,8.05,8.23,0,13.9,20.1,17.0,73.15,Medium
90.3,9.3,9.03,9.2,0,50.0,50.0,50.0,99.5,Low
67.9,7.8,8.21,8.38,2,43.4,49.5,46.5,87.75,Low
83.9,8.2,6.86,7.04,4,36.1,42.3,39.2,69.19,Medium
94.9,7.9,8.38,8.56,1,50.0,50.0,50.0,94.12,Low
68.9,7.7,6.94,7.12,1,34.5,40.6,37.6,80.35,Low
41.6,5.6,4.08,4.26,1,19.8,25.9,22.9,48.32,High
41.9,5.3,7.77,7.95,0,31.3,37.5,34.4,68.73,Medium
58.2,5.4,6.46,6.63,3,40.8,47.0,43.9,63.81,Medium
43.1,5.6,4.94,5.11,2,22.4,28.6,25.5,53.03,High
88.4,10.0,10.0,10.0,0,49.3,50.0,49.7,98.86,Low
100.0,10.0,10.0,10.0,0,50.0,50.0,50.0,99.5,Low
87.8,10.0,10.0,10.0,0,49.6,50.0,49.8,99.5,Low
70.6,8.1,7.2,7.38,0,35.8,42.0,38.9,73.74,Medium
87.2,10.0,9.24,9.42,0,50.0,50.0,50.0,94.15,Low
49.0,6.4,7.66,7.84,0,50.0,50.0,50.0,80.71,Low
60.1,5.8,6.7,6.88,1,37.9,44.1,41.0,73.49,Medium
59.0,4.5,3.74,3.92,3,25.5,31.7,28.6,46.63,High
53.6,8.5,7.92,8.09,1,38.6,44.7,41.7,79.79,Low
61.4,7.5,6.72,6.89,0,43.7,49.9,46.8,82.84,Low
41.9,5.2,3.5,3.67,1,18.7,24.9,21.8,48.58,High
84.6,6.4,7.16,7.34,0,31.6,37.8,34.7,76.71,Low
74.3,6.1,7.95,8.13,4,22.6,28.7,25.7,70.86,Medium
93.0,9.6,8.39,8.56,0,41.0,47.2,44.1,99.5,Low
96.2,9.3,9.24,9.42,0,38.0,44.2,41.1,92.96,Low
60.8,8.0,4.54,4.71,1,33.7,39.9,36.8,65.38,Medium
82.3,5.8,6.86,7.04,0,48.5,50.0,49.2,86.37,Low
55.2,7.9,8.53,8.71,0,38.1,44.3,41.2,82.43,Low
75.3,5.5,6.16,6.34,1,25.9,32.1,29.0,63.01,Medium
45.5,5.6,5.04,5.22,3,19.7,25.9,22.8,52.81,High
55.1,6.3,7.23,7.41,0,42.3,48.5,45.4,73.26,Medium
53.1,7.7,3.99,4.16,2,35.5,41.7,38.6,54.84,High
49.5,4.1,4.74,4.92,2,23.6,29.7,26.7,46.89,High
71.7,7.9,7.73,7.9,0,35.2,41.4,38.3,86.32,Low
80.2,8.3,9.14,9.32,0,45.2,50.0,47.6,89.79,Low
31.8,2.5,3.0,3.18,2,11.9,18.0,14.9,37.98,High
72.1,6.5,6.25,6.42,3,35.7,41.9,38.8,70.18,Medium
89.3,8.1,7.66,7.83,1,50.0,50.0,50.0,88.27,Low
85.4,7.9,7.67,7.85,1,44.4,50.0,47.2,86.66,Low
81.0,7.9,9.56,9.73,1,37.3,43.5,40.4,90.58,Low
70.2,8.4,6.89,7.07,1,37.2,43.4,40.3,78.08,Low
59.1,4.5,4.86,5.04,0,23.5,29.7,26.6,58.34,Medium
70.2,5.8,4.49,4.67,2,15.0,21.2,18.1,53.3,High
83.3,7.8,6.88,7.05,1,41.8,48.0,44.9,81.1,Low
84.2,5.5,7.02,7.19,3,45.0,50.0,47.5,74.98,Medium
100.0,9.7,7.85,8.03,0,42.8,48.9,45.9,95.45,Low
91.9,6.7,8.44,8.61,1,40.7,46.9,43.8,91.27,Low
70.6,7.5,6.25,6.43,0,26.1,32.3,29.2,74.31,Medium
53.9,4.0,4.0,4.18,1,22.4,28.6,25.5,50.38,High
52.5,6.3,6.4,6.57,1,27.4,33.5,30.4,58.21,Medium
67.3,5.4,7.39,7.56,1,28.8,34.9,31.9,69.61,Medium
59.5,6.6,5.96,6.13,0,45.5,50.0,47.8,69.6,Medium
64.7,7.1,5.69,5.86,2,32.4,38.5,35.4,63.87,Medium
70.6,6.1,9.17,9.35,0,40.2,46.3,43.2,87.31,Low
60.8,5.1,7.85,8.03,2,35.9,42.1,39.0,72.3,Medium
68.2,6.4,4.78,4.96,0,34.1,40.2,37.1,74.97,Medium
81.9,8.0,6.51,6.68,0,33.8,39.9,36.8,81.52,Low
59.5,2.7,5.16,5.34,0,32.5,38.7,35.6,69.55,Medium
65.4,10.0,8.17,8.34,0,34.2,40.4,37.3,86.89,Low
84.0,8.0,6.91,7.08,1,39.4,45.6,42.5,84.97,Low
56.4,5.8,5.08,5.25,1,26.7,32.9,29.8,60.05,Medium
43.8,5.8,7.78,7.96,2,27.2,33.4,30.3,61.94,Medium
89.3,6.6,9.23,9.41,1,36.9,43.1,40.0,86.84,Low
49.9,5.8,5.46,5.64,2,25.1,31.3,28.2,58.1,Medium
39.8,2.4,3.67,3.85,2,14.6,20.8,17.7,39.67,High
45.4,4.4,3.11,3.28,4,5.0,11.2,8.1,32.2,High
71.3,6.5,7.8,7.98,2,37.8,44.0,40.9,78.16,Low
74.4,7.2,6.09,6.26,2,41.0,47.2,44.1,69.54,Medium
66.6,5.5,7.81,7.98,3,50.0,50.0,50.0,69.5,Medium
81.9,10.0,8.34,8.51,0,41.6,47.8,44.7,87.38,Low
20.0,0.6,3.0,3.18,1,7.5,13.7,10.6,31.83,High
74.9,10.0,6.49,6.67,4,29.6,35.8,32.7,66.1,Medium
94.2,10.0,8.62,8.8,0,48.7,50.0,49.4,96.0,Low
30.0,7.2,4.5,4.67,3,25.8,32.0,28.9,51.5,High
57.6,7.9,3.97,4.14,0,25.1,31.3,28.2,64.0,Medium
55.8,5.4,5.31,5.49,1,26.4,32.6,29.5,59.05,Medium
50.0,6.9,4.82,5.0,1,12.5,18.7,15.6,51.04,High
60.0,6.1,6.96,7.13,5,37.7,43.9,40.8,61.17,Medium
97.1,7.1,9.61,9.78,0,40.7,46.9,43.8,98.04,Low
88.4,10.0,9.29,9.46,0,49.4,50.0,49.7,99.5,Low
46.0,7.8,5.82,5.99,0,21.2,27.3,24.2,65.7,Medium
96.9,10.0,9.83,10.0,0,46.1,50.0,48.1,99.5,Low
76.2,5.1,8.2,8.37,0,32.3,38.5,35.4,86.73,Low
100.0,9.0,9.04,9.22,0,48.8,50.0,49.4,96.77,Low
74.2,4.1,5.99,6.17,1,36.6,42.7,39.7,75.15,Low
55.5,8.3,6.01,6.18,5,45.2,50.0,47.6,62.64,Medium
71.9,5.2,6.09,6.26,1,42.2,48.4,45.3,76.41,Low
100.0,10.0,10.0,10.0,0,50.0,50.0,50.0,99.5,Low
84.2,7.1,8.43,8.61,0,50.0,50.0,50.0,83.48,Low
61.4,3.6,6.75,6.93,0,32.0,38.2,35.1,66.55,Medium
75.3,8.8,9.38,9.56,0,42.0,48.2,45.1,87.89,Low
62.5,5.7,8.34,8.52,0,38.0,44.2,41.1,74.15,Medium
63.9,7.1,5.9,6.08,1,37.3,43.5,40.4,74.11,Medium
91.7,6.6,8.11,8.29,0,46.3,50.0,48.1,97.08,Low
60.5,5.8,5.68,5.86,2,24.1,30.3,27.2,60.27,Medium
69.3,3.9,7.9,8.08,0,30.5,36.7,33.6,78.87,Low
41.2,3.8,6.93,7.11,1,32.2,38.4,35.3,68.8,Medium
67.5,9.9,7.96,8.13,0,42.3,48.5,45.4,87.33,Low
70.0,10.0,6.5,6.67,3,37.5,43.6,40.6,73.23,Medium
24.9,3.6,3.82,4.0,3,25.5,31.7,28.6,40.54,High
81.0,6.8,8.12,8.29,0,48.9,50.0,49.4,89.85,Low
50.7,4.7,5.26,5.43,3,34.0,40.2,37.1,59.85,Medium
20.9,5.6,3.73,3.91,1,30.2,36.4,33.3,50.35,High
69.2,6.0,7.77,7.95,0,26.2,32.4,29.3,77.99,Low
60.1,7.3,8.79,8.96,1,38.1,44.3,41.2,80.75,Low
61.1,5.6,4.62,4.8,0,23.9,30.0,26.9,56.42,Medium
69.3,7.4,8.86,9.04,0,29.5,35.7,32.6,86.36,Low
45.5,3.8,3.0,3.18,2,20.6,26.8,23.7,39.88,High
58.3,6.5,6.71,6.89,2,39.8,46.0,42.9,72.41,Medium
61.1,4.4,4.12,4.3,1,32.3,38.4,35.3,61.73,Medium
68.5,7.4,6.25,6.42,1,47.7,50.0,48.9,72.34,Medium
70.2,6.6,6.09,6.27,4,37.6,43.8,40.7,63.36,Medium
35.5,5.3,4.89,5.07,1,42.6,48.7,45.7,67.44,Medium
65.5,10.0,8.79,8.96,0,41.4,47.6,44.5,88.63,Low
63.2,6.7,5.24,5.41,2,34.7,40.9,37.8,60.4,Medium
35.8,4.9,3.26,3.44,5,9.0,15.1,12.1,36.17,High
28.6,1.0,3.01,3.18,3,25.1,31.3,28.2,33.33,High
74.0,6.1,8.2,8.38,0,30.4,36.6,33.5,73.98,Medium
61.5,6.5,6.81,6.99,1,27.6,33.8,30.7,71.62,Medium
56.6,9.3,5.56,5.74,1,42.1,48.3,45.2,69.0,Medium
64.7,4.0,6.33,6.5,1,41.9,48.1,45.0,71.59,Medium
74.1,7.0,8.58,8.76,1,43.8,50.0,46.9,82.26,Low
87.4,10.0,9.05,9.23,1,39.5,45.7,42.6,94.62,Low
67.9,3.8,4.08,4.26,3,24.2,30.4,27.3,53.1,High
41.4,4.5,4.57,4.74,3,23.6,29.8,26.7,39.42,High
48.7,5.4,4.73,4.91,1,30.2,36.4,33.3,60.13,Medium
77.2,7.5,6.81,6.98,2,47.3,50.0,48.7,77.2,Low
88.9,10.0,7.38,7.55,0,47.2,50.0,48.6,95.76,Low
55.7,6.7,5.46,5.63,2,44.2,50.0,47.1,68.04,Medium
20.0,4.4,3.8,3.97,5,19.0,25.2,22.1,36.83,High
33.9,3.4,3.56,3.74,4,17.9,24.1,21.0,35.01,High
43.1,4.3,5.29,5.47,1,32.7,38.9,35.8,56.25,Medium
41.3,5.5,5.98,6.15,2,41.2,47.4,44.3,62.7,Medium
53.1,4.5,8.1,8.28,0,44.5,50.0,47.3,76.5,Low
58.2,7.5,6.87,7.05,1,42.6,48.8,45.7,80.03,Low
68.5,5.7,7.25,7.43,1,31.5,37.7,34.6,72.93,Medium
91.8,7.6,8.05,8.22,1,41.4,47.6,44.5,83.08,Low
47.5,6.3,5.42,5.59,2,32.3,38.5,35.4,57.49,Medium
50.7,3.7,5.35,5.52,1,38.4,44.6,41.5,65.5,Medium
57.6,8.7,6.92,7.09,1,41.1,47.3,44.2,75.66,Low
37.0,3.5,4.01,4.18,1,24.1,30.3,27.2,48.4,High
78.6,9.1,8.26,8.44,0,37.7,43.9,40.8,91.62,Low
78.0,6.4,6.25,6.43,1,32.6,38.8,35.7,70.11,Medium
58.4,7.4,6.55,6.73,1,31.6,37.8,34.7,62.74,Medium
100.0,9.8,10.0,10.0,0,48.4,50.0,49.2,99.47,Low
42.3,6.8,5.0,5.18,1,40.7,46.9,43.8,64.11,Medium
90.5,10.0,10.0,10.0,0,49.8,50.0,49.9,99.5,Low
71.3,4.1,6.48,6.66,4,32.5,38.6,35.5,57.01,Medium
63.0,6.0,4.48,4.66,2,17.1,23.3,20.2,59.06,Medium
74.1,6.8,5.11,5.29,3,39.6,45.8,42.7,66.73,Medium
49.3,6.1,4.63,4.81,1,34.4,40.6,37.5,62.12,Medium
33.3,6.5,5.86,6.03,2,39.0,45.2,42.1,62.34,Medium
54.5,6.4,9.05,9.22,1,38.8,45.0,41.9,75.13,Low
78.7,6.5,8.26,8.43,2,42.7,48.9,45.8,82.65,Low
53.8,6.7,6.76,6.93,1,27.6,33.8,30.7,71.2,Medium
73.7,8.1,7.39,7.57,0,46.1,50.0,48.0,88.68,Low
88.3,10.0,8.65,8.83,0,46.0,50.0,48.0,97.59,Low
93.6,9.0,10.0,10.0,0,46.6,50.0,48.3,99.5,Low
86.4,9.1,6.9,7.08,0,39.5,45.6,42.6,79.44,Low
92.5,9.7,9.99,10.0,0,48.8,50.0,49.4,99.5,Low
48.3,4.0,4.26,4.44,1,16.0,22.1,19.0,47.44,High
62.7,5.7,6.51,6.68,2,29.6,35.8,32.7,70.85,Medium
52.1,5.7,5.03,5.21,1,38.6,44.8,41.7,67.64,Medium
80.7,8.7,6.12,6.29,2,50.0,50.0,50.0,75.01,Low
48.5,5.8,7.43,7.6,2,20.7,26.9,23.8,63.29,Medium
93.3,7.3,7.09,7.26,2,23.8,30.0,26.9,76.64,Low
100.0,10.0,10.0,10.0,0,43.3,49.5,46.4,99.5,Low
68.9,6.7,6.14,6.32,1,31.8,38.0,34.9,64.93,Medium
80.3,9.9,7.54,7.71,2,43.8,50.0,46.9,76.12,Low
82.8,8.1,6.55,6.73,0,36.2,42.3,39.3,81.22,Low
77.2,7.0,7.29,7.46,0,35.8,42.0,38.9,72.17,Medium
52.1,7.1,7.47,7.65,2,37.8,43.9,40.8,72.1,Medium
89.7,6.6,6.86,7.03,1,33.0,39.1,36.1,80.66,Low
84.4,8.5,7.46,7.64,0,42.2,48.4,45.3,91.53,Low
97.1,10.0,9.68,9.85,0,47.9,50.0,48.9,98.96,Low
60.5,8.5,5.75,5.93,1,25.5,31.7,28.6,68.13,Medium
83.3,8.9,7.51,7.69,1,30.9,37.1,34.0,83.75,Low
41.9,3.3,4.39,4.56,3,16.4,22.5,19.5,40.06,High
67.5,8.0,7.09,7.27,2,38.6,44.8,41.7,78.46,Low
81.1,8.3,10.0,10.0,0,43.7,49.9,46.8,96.34,Low
100.0,6.9,6.52,6.7,0,45.6,50.0,47.8,84.28,Low
91.4,9.0,9.21,9.38,3,22.9,29.1,26.0,82.89,Low
83.5,10.0,8.1,8.27,1,31.1,37.3,34.2,84.62,Low
77.0,8.0,7.95,8.12,0,42.8,49.0,45.9,89.46,Low
84.7,9.8,7.57,7.74,0,24.8,30.9,27.8,82.36,Low
84.0,8.4,8.19,8.36,1,45.0,50.0,47.5,88.63,Low
58.7,8.1,6.23,6.41,0,18.2,24.4,21.3,66.29,Medium
69.5,8.4,7.32,7.49,0,42.8,48.9,45.8,79.82,Low
28.0,0.0,3.0,3.18,1,5.0,11.2,8.1,33.65,High
69.1,10.0,7.52,7.69,1,44.6,50.0,47.3,80.6,Low
20.0,2.1,3.0,3.18,3,25.4,31.6,28.5,38.19,High
22.9,3.2,3.66,3.83,2,5.0,11.2,8.1,37.66,High
82.7,6.1,8.62,8.8,1,42.7,48.9,45.8,83.18,Low
95.5,8.3,8.63,8.81,1,25.4,31.6,28.5,86.8,Low
55.5,4.4,4.25,4.42,3,27.1,33.3,30.2,49.04,High
70.5,6.1,7.03,7.2,0,26.5,32.7,29.6,68.68,Medium
82.8,10.0,9.17,9.35,0,46.6,50.0,48.3,93.61,Low
62.1,5.2,6.02,6.2,3,23.5,29.7,26.6,59.3,Medium
96.7,9.1,10.0,10.0,0,50.0,50.0,50.0,99.5,Low
65.7,7.3,6.86,7.03,3,23.8,30.0,26.9,66.56,Medium
82.7,6.7,5.13,5.3,1,46.2,50.0,48.1,77.9,Low
96.5,9.8,9.38,9.56,0,44.9,50.0,47.4,95.74,Low
56.1,5.1,5.8,5.97,2,25.3,31.5,28.4,58.81,Medium
37.8,4.7,6.56,6.74,1,36.6,42.8,39.7,69.8,Medium
52.3,7.6,8.04,8.22,0,32.6,38.8,35.7,70.65,Medium
72.3,7.6,7.51,7.68,2,47.1,50.0,48.5,77.98,Low
65.4,3.4,4.27,4.44,0,30.9,37.1,34.0,57.61,Medium
77.3,4.7,5.46,5.63,1,26.2,32.4,29.3,65.52,Medium
36.4,5.6,4.95,5.12,2,27.1,33.3,30.2,51.91,High
97.9,9.2,10.0,10.0,0,42.7,48.9,45.8,99.5,Low
78.0,7.4,6.24,6.41,0,45.0,50.0,47.5,81.51,Low
47.7,5.6,4.2,4.38,3,34.7,40.8,37.7,48.96,High
63.2,7.0,7.55,7.72,1,34.3,40.5,37.4,73.64,Medium
82.7,9.3,8.53,8.71,1,34.5,40.7,37.6,86.69,Low
84.0,8.1,9.34,9.52,1,38.9,45.1,42.0,92.52,Low
37.9,2.8,6.04,6.21,2,34.6,40.8,37.7,65.34,Medium
56.4,5.3,6.11,6.29,2,25.2,31.4,28.3,63.97,Medium
65.4,10.0,8.73,8.9,0,40.6,46.8,43.7,84.91,Low
58.8,4.3,4.23,4.41,1,26.5,32.7,29.6,56.59,Medium
55.3,4.4,4.42,4.59,3,18.1,24.3,21.2,50.05,High
75.7,7.2,8.11,8.29,1,28.0,34.1,31.0,77.14,Low
70.9,7.7,7.47,7.64,0,32.7,38.9,35.8,81.6,Low
50.9,4.5,4.04,4.21,1,31.5,37.7,34.6,48.16,High
81.6,8.8,6.32,6.5,1,34.5,40.7,37.6,79.82,Low
93.6,8.2,7.15,7.32,0,45.2,50.0,47.6,86.92,Low
83.1,9.2,9.09,9.27,0,19.8,26.0,22.9,86.04,Low
89.6,7.7,9.56,9.74,0,43.4,49.5,46.4,99.5,Low
51.5,3.9,4.41,4.59,1,20.9,27.1,24.0,49.16,High
76.3,6.4,7.62,7.79,2,33.4,39.6,36.5,76.63,Low
63.8,3.7,5.4,5.58,0,32.7,38.9,35.8,68.82,Medium
57.4,6.4,6.56,6.73,3,26.4,32.6,29.5,63.22,Medium
70.7,10.0,9.86,10.0,0,26.5,32.7,29.6,83.57,Low
83.6,10.0,7.94,8.11,0,50.0,50.0,50.0,96.67,Low
95.7,10.0,10.0,10.0,0,50.0,50.0,50.0,99.5,Low
92.8,8.5,9.52,9.7,0,43.0,49.2,46.1,94.93,Low
80.5,6.3,7.09,7.26,0,26.3,32.5,29.4,76.04,Low
73.6,8.8,8.88,9.05,0,26.7,32.9,29.8,83.7,Low
91.1,10.0,9.94,10.0,0,42.1,48.3,45.2,95.05,Low
80.9,9.1,6.8,6.97,0,46.3,50.0,48.2,86.12,Low
67.9,8.1,7.63,7.8,1,36.5,42.7,39.6,77.08,Low
88.0,8.2,8.28,8.45,0,31.3,37.5,34.4,89.51,Low
64.6,7.0,6.13,6.31,0,35.1,41.3,38.2,75.33,Low
68.8,4.5,5.8,5.98,4,27.4,33.6,30.5,64.03,Medium
67.3,4.1,6.7,6.88,3,36.5,42.7,39.6,65.24,Medium
66.9,6.3,8.07,8.25,1,43.6,49.8,46.7,77.76,Low
69.7,6.9,6.01,6.19,1,13.1,19.3,16.2,59.61,Medium
90.3,7.0,6.96,7.14,0,40.7,46.9,43.8,92.13,Low
77.6,5.9,7.53,7.7,2,32.7,38.9,35.8,77.09,Low
66.1,6.1,5.4,5.58,4,20.9,27.0,24.0,53.65,High
86.3,7.6,8.37,8.54,0,39.1,45.3,42.2,94.79,Low
64.1,5.8,7.82,8.0,1,40.1,46.3,43.2,82.01,Low
52.1,4.2,5.58,5.76,1,12.0,18.2,15.1,50.68,High
78.6,8.8,8.48,8.66,0,50.0,50.0,50.0,88.67,Low
53.2,5.1,5.43,5.6,0,35.1,41.3,38.2,65.53,Medium
50.6,5.3,5.39,5.56,3,20.3,26.4,23.4,49.76,High
53.8,2.4,4.88,5.05,1,19.0,25.2,22.1,52.99,High
47.6,2.3,5.09,5.27,2,18.5,24.6,21.6,52.43,High
73.4,6.9,6.73,6.91,1,41.6,47.8,44.7,72.56,Medium
62.7,6.5,7.35,7.53,0,21.1,27.3,24.2,73.41,Medium
62.4,6.8,7.28,7.46,1,38.6,44.8,41.7,79.72,Low
85.1,7.1,8.86,9.03,0,38.1,44.3,41.2,90.76,Low
66.5,6.1,7.4,7.58,0,36.2,42.4,39.3,77.58,Low
73.8,7.3,6.55,6.73,0,24.7,30.9,27.8,72.0,Medium
71.8,6.9,9.23,9.41,1,36.5,42.6,39.5,87.24,Low
62.6,10.0,8.62,8.79,1,43.5,49.7,46.6,81.81,Low
23.0,2.8,3.0,3.18,3,6.7,12.9,9.8,31.77,High
77.5,6.1,7.46,7.64,0,34.4,40.6,37.5,80.22,Low
34.8,6.6,3.0,3.18,4,16.1,22.3,19.2,42.85,High
55.4,6.6,8.13,8.31,0,29.8,36.0,32.9,74.31,Medium
52.5,7.6,8.12,8.3,0,39.9,46.1,43.0,78.31,Low
84.7,9.5,7.75,7.92,1,27.5,33.7,30.6,77.97,Low
100.0,9.8,9.34,9.52,1,46.5,50.0,48.3,99.37,Low
69.6,7.5,7.85,8.02,1,47.1,50.0,48.5,81.01,Low
72.6,6.2,8.3,8.48,1,39.8,46.0,42.9,78.44,Low
79.8,7.8,6.96,7.13,2,40.9,47.0,43.9,75.44,Low
63.7,5.1,7.19,7.37,0,27.4,33.6,30.5,74.29,Medium
54.6,7.3,6.81,6.99,1,29.5,35.7,32.6,65.87,Medium
94.1,10.0,7.36,7.54,0,40.3,46.4,43.4,86.76,Low
55.2,7.5,5.74,5.92,2,33.1,39.2,36.2,68.23,Medium
90.3,8.6,8.17,8.35,1,35.2,41.4,38.3,86.03,Low
71.4,9.1,7.0,7.17,0,45.1,50.0,47.5,87.21,Low
53.5,4.0,5.46,5.63,2,40.8,47.0,43.9,60.59,Medium
88.1,8.1,9.32,9.49,0,41.8,48.0,44.9,94.12,Low
78.3,9.3,8.2,8.38,0,30.5,36.7,33.6,86.16,Low
73.8,9.1,6.49,6.66,1,25.5,31.6,28.5,78.86,Low
52.4,4.4,5.37,5.55,0,33.0,39.1,36.0,68.67,Medium
46.9,4.7,5.34,5.51,0,26.3,32.5,29.4,64.84,Medium
74.9,8.9,6.08,6.26,0,35.6,41.7,38.7,76.12,Low
87.7,7.9,8.72,8.9,2,34.9,41.1,38.0,81.12,Low
44.1,7.7,5.42,5.6,3,31.7,37.9,34.8,61.33,Medium
81.1,7.8,6.28,6.46,2,36.6,42.8,39.7,79.56,Low
39.5,5.0,4.18,4.36,1,18.3,24.5,21.4,54.44,High
52.7,6.0,6.6,6.78,1,29.5,35.6,32.5,67.06,Medium
80.2,8.3,8.0,8.17,2,26.6,32.7,29.6,80.59,Low
92.5,10.0,10.0,10.0,0,50.0,50.0,50.0,99.5,Low
53.9,3.0,6.06,6.23,6,21.6,27.8,24.7,50.12,High
90.5,8.8,9.42,9.6,0,50.0,50.0,50.0,98.23,Low
68.4,8.3,7.74,7.92,2,31.5,37.7,34.6,76.27,Low
79.1,7.3,6.19,6.37,0,30.1,36.3,33.2,73.27,Medium
75.8,6.3,7.39,7.56,0,33.4,39.5,36.5,76.98,Low
67.3,9.0,6.59,6.76,2,45.5,50.0,47.7,74.01,Medium
72.6,8.1,6.48,6.66,0,29.0,35.2,32.1,70.49,Medium
93.9,8.6,10.0,10.0,0,40.3,46.4,43.4,98.27,Low
47.7,6.3,6.3,6.47,2,31.2,37.4,34.3,63.08,Medium
85.5,7.0,7.95,8.12,0,47.1,50.0,48.6,91.14,Low
70.9,4.5,6.07,6.25,2,40.0,46.2,43.1,72.97,Medium
83.7,6.9,6.23,6.41,0,36.0,42.1,39.1,83.26,Low
57.0,5.0,4.11,4.29,2,29.4,35.6,32.5,60.41,Medium
63.8,6.2,9.47,9.64,0,42.9,49.1,46.0,84.28,Low
97.5,8.3,10.0,10.0,0,38.2,44.4,41.3,92.5,Low
75.2,5.2,6.98,7.16,2,26.6,32.8,29.7,72.7,Medium
71.9,7.1,6.11,6.29,2,24.7,30.9,27.8,72.08,Medium
56.9,2.2,4.63,4.8,0,15.2,21.4,18.3,59.54,Medium
67.7,5.0,7.8,7.97,1,37.6,43.8,40.7,78.0,Low
40.2,1.5,4.37,4.54,5,22.5,28.7,25.6,31.7,High
46.4,5.8,3.0,3.18,2,26.8,33.0,29.9,50.33,High
52.9,4.7,9.36,9.54,2,17.8,24.0,20.9,71.17,Medium
93.8,9.1,9.21,9.38,0,50.0,50.0,50.0,99.5,Low
100.0,10.0,10.0,10.0,0,50.0,50.0,50.0,99.5,Low
63.6,8.1,6.78,6.96,0,43.4,49.6,46.5,82.86,Low
79.0,6.7,9.66,9.83,1,36.1,42.2,39.1,85.21,Low
78.6,7.6,7.89,8.06,0,30.4,36.6,33.5,78.87,Low
86.0,5.2,6.16,6.34,1,17.3,23.5,20.4,70.35,Medium
76.1,5.9,6.43,6.6,1,40.2,46.4,43.3,72.49,Medium
68.4,6.7,7.16,7.33,1,26.8,33.0,29.9,77.97,Low
73.0,8.7,8.28,8.45,1,27.4,33.6,30.5,74.51,Medium
81.4,6.9,5.52,5.7,1,20.9,27.1,24.0,70.37,Medium
34.0,3.4,3.77,3.94,6,27.6,33.7,30.6,40.11,High
43.8,5.2,5.27,5.45,3,25.9,32.0,28.9,52.39,High
71.1,4.8,7.5,7.67,0,50.0,50.0,50.0,77.9,Low
57.8,5.3,5.96,6.14,2,26.8,33.0,29.9,54.58,High
57.4,4.6,5.45,5.63,3,30.5,36.6,33.6,55.98,Medium
81.6,6.9,6.76,6.93,0,25.0,31.2,28.1,74.78,Medium
99.5,7.9,6.74,6.91,0,38.4,44.6,41.5,90.1,Low
75.5,6.9,6.62,6.8,0,31.9,38.1,35.0,74.07,Medium
53.1,5.4,5.89,6.07,1,31.7,37.9,34.8,66.14,Medium
100.0,8.9,9.09,9.26,0,50.0,50.0,50.0,94.24,Low
90.6,10.0,10.0,10.0,0,50.0,50.0,50.0,99.5,Low
70.7,7.8,9.3,9.47,1,32.3,38.5,35.4,76.3,Low
66.8,8.1,9.82,9.99,1,49.3,50.0,49.6,97.21,Low
100.0,9.5,9.73,9.91,0,44.2,50.0,47.1,99.5,Low
96.9,9.9,8.59,8.76,0,41.3,47.5,44.4,85.81,Low
100.0,7.1,7.28,7.46,1,34.3,40.4,37.4,81.09,Low
64.3,7.7,7.83,8.01,1,35.2,41.3,38.3,75.04,Low
91.4,9.3,8.21,8.39,1,50.0,50.0,50.0,89.33,Low
50.0,3.4,5.67,5.85,1,26.8,33.0,29.9,57.76,Medium
88.0,10.0,8.55,8.73,1,41.2,47.4,44.3,88.7,Low
28.5,2.6,4.39,4.56,1,20.6,26.8,23.7,43.46,High
69.2,5.0,6.16,6.33,4,44.4,50.0,47.2,61.52,Medium
98.0,7.7,10.0,10.0,1,50.0,50.0,50.0,99.5,Low
81.9,10.0,9.02,9.2,1,36.1,42.3,39.2,93.82,Low
99.7,8.6,9.3,9.48,0,44.7,50.0,47.4,97.38,Low
55.7,5.6,5.59,5.76,0,30.2,36.4,33.3,66.19,Medium
42.6,4.3,4.07,4.25,2,25.2,31.4,28.3,45.74,High
59.3,6.5,5.78,5.95,0,27.0,33.2,30.1,68.1,Medium
51.2,6.5,7.2,7.38,2,37.9,44.1,41.0,70.53,Medium
78.0,6.7,7.4,7.58,0,44.8,50.0,47.4,83.21,Low
99.2,3.8,7.45,7.63,2,34.4,40.6,37.5,79.13,Low
54.8,6.3,5.73,5.91,1,23.0,29.2,26.1,63.71,Medium
77.5,7.4,7.62,7.79,1,33.6,39.8,36.7,75.93,Low
48.5,6.6,4.31,4.49,1,22.5,28.7,25.6,60.38,Medium
78.9,9.4,7.96,8.13,1,50.0,50.0,50.0,87.09,Low
61.8,6.5,6.53,6.7,2,41.0,47.2,44.1,76.72,Low
46.4,6.7,4.87,5.05,1,34.2,40.4,37.3,63.06,Medium
74.5,4.9,6.45,6.62,0,30.1,36.3,33.2,79.81,Low
64.2,7.6,6.84,7.02,2,30.4,36.6,33.5,74.5,Medium
83.6,5.5,5.58,5.75,2,21.5,27.7,24.6,66.02,Medium
98.6,8.2,9.59,9.77,0,50.0,50.0,50.0,96.8,Low
57.1,6.4,7.05,7.23,0,36.6,42.8,39.7,72.33,Medium
76.1,8.3,5.7,5.88,0,40.9,47.1,44.0,80.11,Low
38.7,3.5,3.0,3.18,4,14.7,20.9,17.8,36.21,High
60.1,7.4,3.9,4.07,1,25.4,31.6,28.5,57.3,Medium
75.4,5.3,5.98,6.15,0,33.0,39.1,36.0,75.79,Low
49.8,7.1,4.45,4.62,4,34.4,40.6,37.5,54.38,High
90.2,8.2,8.84,9.01,2,35.5,41.6,38.5,89.17,Low
63.5,6.8,8.02,8.19,2,37.8,43.9,40.8,72.51,Medium
77.0,9.3,7.75,7.93,0,44.8,50.0,47.4,91.55,Low
66.4,7.8,6.65,6.83,1,27.1,33.3,30.2,73.65,Medium
82.0,7.2,8.78,8.96,0,19.7,25.9,22.8,86.8,Low
68.9,5.6,7.02,7.19,0,32.3,38.5,35.4,78.62,Low
54.6,8.0,6.48,6.65,1,44.2,50.0,47.1,73.78,Medium
81.7,10.0,9.58,9.76,0,50.0,50.0,50.0,96.86,Low
45.2,2.0,3.24,3.42,1,16.8,23.0,19.9,50.52,High
33.1,0.8,4.92,5.1,1,30.7,36.9,33.8,49.41,High
52.3,6.6,5.4,5.57,2,29.1,35.3,32.2,63.34,Medium
65.5,6.4,6.14,6.32,1,40.8,47.0,43.9,71.13,Medium
65.0,7.8,6.73,6.91,0,36.7,42.9,39.8,70.74,Medium
90.3,8.4,7.7,7.87,1,34.4,40.6,37.5,80.09,Low
57.5,5.5,4.88,5.06,0,26.0,32.2,29.1,64.07,Medium
99.0,8.2,8.11,8.29,0,28.2,34.4,31.3,90.59,Low
86.0,8.4,7.73,7.91,0,50.0,50.0,50.0,91.37,Low
85.4,9.2,8.08,8.26,1,31.1,37.3,34.2,88.49,Low
86.9,8.5,7.98,8.15,1,36.6,42.8,39.7,86.78,Low
81.2,5.5,7.62,7.8,2,28.1,34.2,31.1,71.36,Medium
65.6,4.2,4.4,4.58,1,27.8,34.0,30.9,61.52,Medium
86.1,8.2,8.1,8.28,0,50.0,50.0,50.0,91.6,Low
73.4,5.4,5.91,6.08,0,49.6,50.0,49.8,74.63,Medium
65.7,4.6,6.42,6.6,0,22.4,28.6,25.5,69.57,Medium
100.0,10.0,10.0,10.0,0,44.0,50.0,47.0,99.5,Low
20.0,3.6,3.47,3.65,4,5.9,12.1,9.0,28.13,High
43.9,3.9,4.27,4.45,0,28.9,35.0,32.0,55.54,Medium
48.0,5.2,7.66,7.84,1,25.9,32.1,29.0,72.51,Medium
65.8,6.4,5.36,5.53,1,26.5,32.6,29.5,70.07,Medium
59.4,7.2,7.42,7.59,1,32.3,38.5,35.4,74.55,Medium
45.5,5.1,3.0,3.18,3,17.8,24.0,20.9,42.88,High
49.6,1.5,4.91,5.08,2,36.9,43.1,40.0,49.67,High
37.5,5.0,4.12,4.3,2,30.5,36.7,33.6,57.18,Medium
100.0,10.0,10.0,10.0,0,50.0,50.0,50.0,99.5,Low
87.6,9.3,9.91,10.0,0,30.6,36.8,33.7,96.46,Low
43.7,6.2,5.82,6.0,1,30.0,36.2,33.1,54.41,High
63.2,7.2,7.16,7.34,1,45.5,50.0,47.7,78.01,Low
53.3,5.0,4.34,4.51,3,33.5,39.7,36.6,53.78,High
40.8,5.7,3.85,4.03,1,5.0,11.2,8.1,48.39,High
71.7,8.2,7.34,7.52,1,30.8,37.0,33.9,75.66,Low
31.7,4.9,3.77,3.94,3,17.1,23.3,20.2,40.91,High
52.9,6.4,5.98,6.16,1,45.3,50.0,47.6,72.26,Medium
60.5,0.1,4.13,4.3,4,22.1,28.3,25.2,40.6,High
44.6,5.0,6.07,6.25,2,22.1,28.3,25.2,55.23,Medium
76.6,5.2,8.33,8.51,4,35.5,41.7,38.6,73.35,Medium
67.4,7.7,7.23,7.4,1,18.9,25.0,22.0,76.13,Low
75.9,7.7,7.22,7.4,1,30.0,36.1,33.0,79.85,Low
39.2,5.5,3.77,3.95,2,23.0,29.2,26.1,52.29,High
88.1,10.0,8.55,8.73,0,47.2,50.0,48.6,95.06,Low
55.8,5.4,5.17,5.35,1,13.6,19.8,16.7,62.02,Medium
74.3,10.0,7.63,7.81,0,36.7,42.9,39.8,79.29,Low
57.3,7.1,6.7,6.87,0,41.0,47.2,44.1,82.93,Low
47.3,2.6,4.96,5.13,2,12.1,18.3,15.2,55.3,Medium
50.5,5.5,5.76,5.93,0,32.9,39.1,36.0,67.88,Medium
78.5,6.9,6.73,6.9,0,37.6,43.7,40.7,82.61,Low
100.0,8.7,8.23,8.41,0,50.0,50.0,50.0,95.25,Low
79.1,5.2,3.84,4.01,1,31.2,37.4,34.3,62.27,Medium
100.0,9.0,8.86,9.04,0,45.8,50.0,47.9,95.23,Low
84.3,8.3,7.48,7.65,0,48.5,50.0,49.3,88.03,Low
44.2,5.7,7.45,7.62,1,22.5,28.7,25.6,67.41,Medium
67.5,9.2,7.68,7.85,0,38.8,45.0,41.9,85.14,Low
100.0,10.0,9.58,9.76,0,47.2,50.0,48.6,99.5,Low
93.4,10.0,10.0,10.0,0,49.7,50.0,49.8,99.5,Low
40.1,4.2,4.18,4.35,1,29.5,35.7,32.6,47.94,High
50.6,6.9,4.86,5.04,4,30.0,36.2,33.1,60.03,Medium
82.6,7.4,9.41,9.59,1,41.4,47.6,44.5,85.52,Low
37.7,3.1,4.62,4.8,1,26.0,32.1,29.1,49.65,High
45.0,2.9,4.17,4.34,1,33.2,39.4,36.3,54.73,High
50.8,6.0,5.06,5.24,2,24.0,30.2,27.1,58.31,Medium
67.7,9.2,6.48,6.65,0,38.6,44.8,41.7,74.24,Medium
58.4,5.8,6.68,6.86,2,31.8,38.0,34.9,64.11,Medium
62.2,5.0,5.97,6.15,0,28.0,34.2,31.1,62.57,Medium
54.2,5.4,4.37,4.54,0,16.9,23.0,19.9,59.07,Medium
54.1,6.4,6.27,6.45,0,37.8,44.0,40.9,75.82,Low
59.0,4.6,5.99,6.17,0,21.1,27.3,24.2,60.12,Medium
100.0,9.9,10.0,10.0,1,50.0,50.0,50.0,99.5,Low
70.3,5.4,7.58,7.75,0,32.2,38.4,35.3,80.54,Low
87.8,7.5,8.88,9.06,1,37.2,43.3,40.2,85.57,Low
66.4,7.6,7.94,8.11,0,38.3,44.5,41.4,75.3,Low
63.4,6.6,6.21,6.39,1,39.4,45.6,42.5,68.3,Medium
56.7,4.6,4.65,4.82,2,29.4,35.6,32.5,54.65,High
20.0,4.0,3.0,3.18,4,16.8,23.0,19.9,37.94,High
36.0,3.6,6.04,6.21,2,20.3,26.4,23.4,52.34,High
44.9,5.7,5.31,5.49,1,18.6,24.7,21.6,53.11,High
34.2,4.9,3.0,3.18,3,10.2,16.4,13.3,37.87,High
52.2,4.8,4.11,4.29,2,30.2,36.3,33.3,49.82,High
93.3,7.0,8.76,8.94,0,40.4,46.6,43.5,93.36,Low
67.7,9.9,7.83,8.0,1,44.0,50.0,47.0,80.91,Low
96.9,9.5,7.84,8.01,1,42.8,48.9,45.8,87.62,Low
84.3,7.0,5.73,5.9,0,37.6,43.8,40.7,79.02,Low
90.4,9.5,10.0,10.0,1,46.0,50.0,48.0,99.5,Low
51.7,6.3,5.55,5.73,0,26.5,32.7,29.6,72.4,Medium
90.8,9.5,8.1,8.28,1,36.4,42.5,39.5,84.32,Low
82.7,7.1,7.85,8.03,1,40.0,46.2,43.1,81.3,Low
64.5,6.3,6.24,6.41,0,35.4,41.5,38.4,74.92,Medium
80.3,6.1,6.39,6.56,2,34.1,40.3,37.2,76.14,Low
80.1,8.7,7.01,7.18,2,37.9,44.1,41.0,70.98,Medium
51.3,5.8,5.96,6.14,1,29.4,35.6,32.5,64.42,Medium
55.9,5.3,3.0,3.18,1,30.5,36.7,33.6,52.56,High
76.3,4.6,4.51,4.69,3,23.2,29.4,26.3,49.91,High
65.7,6.6,6.62,6.8,1,47.4,50.0,48.7,71.37,Medium
74.3,6.1,7.08,7.26,0,35.7,41.9,38.8,76.47,Low
50.1,6.6,4.96,5.13,1,25.6,31.8,28.7,60.07,Medium
63.6,8.9,5.95,6.12,2,33.0,39.2,36.1,73.03,Medium
93.1,7.0,6.13,6.31,3,29.6,35.8,32.7,72.67,Medium
71.8,8.6,7.98,8.16,1,32.0,38.2,35.1,83.81,Low
89.6,10.0,9.17,9.34,0,43.5,49.7,46.6,96.87,Low
73.8,9.0,7.73,7.91,1,50.0,50.0,50.0,82.82,Low
43.4,3.0,5.15,5.33,3,25.3,31.4,28.3,49.1,High
79.5,7.8,9.4,9.57,1,44.9,50.0,47.5,92.9,Low
65.3,4.8,5.48,5.66,2,38.1,44.3,41.2,68.51,Medium
100.0,5.6,6.64,6.81,0,50.0,50.0,50.0,85.42,Low
65.5,8.9,7.53,7.71,2,43.4,49.5,46.5,75.66,Low
44.3,6.6,4.99,5.17,1,24.5,30.7,27.6,59.5,Medium
46.3,3.7,3.78,3.96,1,15.2,21.3,18.3,49.62,High
57.8,3.4,5.78,5.96,0,45.2,50.0,47.6,73.72,Medium
54.5,1.6,3.8,3.98,1,22.4,28.6,25.5,47.41,High
81.6,8.4,9.48,9.66,1,40.3,46.5,43.4,88.37,Low
87.5,10.0,9.86,10.0,0,50.0,50.0,50.0,99.5,Low
52.7,4.5,6.46,6.64,2,34.3,40.5,37.4,62.35,Medium
80.7,8.5,7.61,7.79,1,32.6,38.7,35.7,79.78,Low
53.4,4.9,5.92,6.1,1,29.4,35.6,32.5,67.74,Medium
52.3,5.8,4.13,4.3,0,35.1,41.3,38.2,57.19,Medium
79.2,9.8,7.83,8.01,1,32.5,38.6,35.6,90.5,Low
54.6,6.3,6.53,6.71,1,33.8,39.9,36.8,66.73,Medium
100.0,8.8,10.0,10.0,0,41.0,47.2,44.1,99.5,Low
41.9,8.0,5.52,5.7,1,23.0,29.2,26.1,60.44,Medium
80.5,8.6,8.74,8.91,2,38.6,44.7,41.6,85.89,Low
77.2,8.5,7.17,7.34,1,38.2,44.3,41.3,79.77,Low
84.6,7.2,9.19,9.37,0,38.5,44.7,41.6,93.69,Low
66.3,8.0,5.92,6.1,2,25.7,31.8,28.8,65.37,Medium
66.5,7.1,7.46,7.64,0,33.9,40.1,37.0,76.53,Low
77.7,7.2,5.07,5.25,1,25.0,31.2,28.1,73.84,Medium
63.0,5.6,3.93,4.1,1,29.9,36.1,33.0,59.55,Medium
83.7,7.2,5.87,6.05,0,47.5,50.0,48.8,78.48,Low
88.3,7.9,8.61,8.79,0,39.0,45.2,42.1,85.28,Low
85.6,7.2,8.42,8.59,2,37.6,43.8,40.7,89.58,Low
89.7,10.0,10.0,10.0,0,49.7,50.0,49.8,98.55,Low
79.2,9.0,8.65,8.83,1,32.1,38.3,35.2,92.37,Low
65.8,4.1,5.66,5.83,2,34.6,40.8,37.7,65.04,Medium
79.8,5.1,7.33,7.5,0,50.0,50.0,50.0,83.47,Low
68.3,3.3,7.04,7.22,1,27.8,34.0,30.9,69.16,Medium
59.0,7.7,8.36,8.54,2,33.4,39.5,36.5,83.5,Low
48.7,4.2,6.49,6.67,2,34.1,40.3,37.2,54.86,High
100.0,10.0,9.85,10.0,1,50.0,50.0,50.0,99.5,Low
73.5,7.6,8.62,8.8,1,43.9,50.0,47.0,84.85,Low
45.4,6.3,6.2,6.37,1,17.1,23.2,20.1,59.48,Medium
92.0,9.4,8.48,8.65,0,48.1,50.0,49.0,95.51,Low
20.0,3.3,3.0,3.18,2,33.6,39.7,36.6,40.94,High
24.3,0.0,3.0,3.18,3,21.2,27.4,24.3,33.23,High
95.0,7.7,8.0,8.17,0,32.7,38.9,35.8,87.55,Low
87.3,7.5,5.9,6.07,1,36.5,42.7,39.6,72.19,Medium
60.1,9.5,8.15,8.32,2,27.2,33.3,30.3,76.75,Low
42.2,6.9,5.03,5.21,1,31.4,37.5,34.4,63.01,Medium
68.0,4.9,8.05,8.22,1,27.1,33.3,30.2,71.84,Medium
100.0,9.7,8.74,8.92,0,50.0,50.0,50.0,99.5,Low
77.1,6.0,9.91,10.0,0,35.0,41.2,38.1,93.43,Low
66.1,9.2,5.67,5.85,0,31.6,37.8,34.7,76.76,Low
76.0,7.5,4.98,5.15,1,40.7,46.9,43.8,74.99,Medium
57.5,6.6,5.57,5.75,2,31.4,37.6,34.5,63.49,Medium
39.0,3.4,4.36,4.53,2,12.0,18.2,15.1,48.52,High
57.6,9.2,7.44,7.62,0,28.2,34.4,31.3,82.47,Low
80.7,9.9,8.02,8.19,0,28.1,34.3,31.2,88.3,Low
24.6,5.7,3.41,3.58,1,11.8,18.0,14.9,40.8,High
46.2,6.3,4.44,4.61,0,29.2,35.3,32.3,60.17,Medium
56.7,4.3,5.85,6.03,0,31.0,37.2,34.1,68.17,Medium
51.1,6.2,5.88,6.05,1,21.9,28.1,25.0,64.77,Medium
65.7,8.0,8.11,8.28,1,45.4,50.0,47.7,82.55,Low
25.1,3.0,3.61,3.79,2,11.3,17.4,14.4,35.78,High
76.2,7.4,5.47,5.64,1,37.6,43.7,40.6,78.3,Low
83.8,9.7,6.96,7.14,0,32.9,39.0,35.9,79.88,Low
73.6,8.7,6.79,6.97,2,38.8,45.0,41.9,73.21,Medium
20.0,1.5,3.0,3.18,1,27.6,33.8,30.7,35.57,High
42.7,4.7,4.6,4.78,4,13.2,19.4,16.3,40.18,High
90.6,9.4,7.9,8.08,2,42.1,48.2,45.1,90.81,Low
20.0,2.8,3.0,3.18,1,19.2,25.4,22.3,43.49,High
66.1,5.5,6.62,6.8,0,20.9,27.1,24.0,69.05,Medium
50.6,7.4,5.25,5.42,3,27.9,34.1,31.0,59.76,Medium
78.6,8.8,7.6,7.77,0,49.4,50.0,49.7,87.95,Low
51.3,6.4,5.81,5.99,2,28.8,35.0,31.9,57.48,Medium
72.4,9.9,6.28,6.46,1,41.3,47.5,44.4,86.85,Low
89.1,7.1,7.64,7.82,1,50.0,50.0,50.0,91.23,Low
91.9,9.8,7.65,7.82,0,50.0,50.0,50.0,93.93,Low
63.9,4.7,5.04,5.22,2,31.8,38.0,34.9,57.87,Medium
76.2,7.2,7.15,7.33,1,33.5,39.7,36.6,76.53,Low
58.4,2.2,6.41,6.59,3,14.9,21.1,18.0,51.22,High
85.2,9.9,7.2,7.38,2,50.0,50.0,50.0,85.13,Low
64.7,6.1,4.39,4.56,1,17.9,24.1,21.0,59.39,Medium
70.8,5.5,6.04,6.22,2,27.5,33.6,30.6,64.43,Medium
67.0,6.6,8.35,8.53,1,34.5,40.7,37.6,74.0,Medium
39.3,5.2,4.33,4.5,2,17.2,23.4,20.3,55.76,Medium
68.6,5.6,7.82,8.0,1,37.9,44.1,41.0,78.24,Low
81.9,8.7,8.14,8.32,1,50.0,50.0,50.0,89.99,Low
81.5,8.3,6.84,7.01,1,35.6,41.8,38.7,77.98,Low
43.3,1.6,4.17,4.35,4,17.4,23.6,20.5,34.19,High
68.2,7.5,6.0,6.17,0,40.1,46.2,43.1,75.89,Low
69.4,5.7,8.71,8.89,0,42.0,48.2,45.1,83.52,Low
26.4,3.4,3.0,3.18,1,28.1,34.3,31.2,46.69,High
71.2,3.3,5.77,5.95,5,26.0,32.2,29.1,57.72,Medium
81.1,10.0,8.33,8.5,0,39.7,45.9,42.8,93.17,Low
64.8,5.6,7.07,7.24,0,23.8,30.0,26.9,75.19,Low
89.3,5.2,6.02,6.2,0,26.2,32.3,29.3,80.37,Low
100.0,10.0,9.08,9.26,0,37.0,43.1,40.0,98.22,Low
81.7,7.0,8.68,8.85,1,40.6,46.8,43.7,90.06,Low
77.8,5.8,7.73,7.91,1,30.1,36.2,33.1,78.76,Low
100.0,10.0,10.0,10.0,0,50.0,50.0,50.0,96.35,Low
62.7,3.6,5.64,5.82,1,32.4,38.6,35.5,63.51,Medium
40.6,4.0,5.42,5.59,2,25.5,31.7,28.6,50.71,High
74.4,6.7,6.29,6.47,0,31.7,37.9,34.8,75.88,Low
78.4,8.7,7.64,7.81,1,42.1,48.3,45.2,81.36,Low
77.6,7.7,6.24,6.41,2,23.9,30.1,27.0,71.64,Medium
51.3,6.6,5.33,5.51,1,18.3,24.5,21.4,62.66,Medium
83.9,10.0,9.91,10.0,0,50.0,50.0,50.0,99.5,Low
72.6,4.0,7.05,7.22,1,39.3,45.4,42.4,79.72,Low
82.9,6.1,6.04,6.21,2,26.1,32.3,29.2,63.01,Medium
92.2,10.0,8.17,8.34,0,46.3,50.0,48.1,90.1,Low
58.0,8.3,6.36,6.53,0,33.1,39.3,36.2,84.01,Low
69.6,7.0,8.08,8.26,1,34.5,40.7,37.6,82.75,Low
70.1,6.1,6.9,7.08,1,33.1,39.2,36.2,74.29,Medium
32.5,3.9,5.58,5.75,1,37.5,43.7,40.6,58.57,Medium
70.5,10.0,6.36,6.54,0,32.9,39.1,36.0,78.5,Low
100.0,8.1,10.0,10.0,0,50.0,50.0,50.0,93.91,Low
57.2,6.0,8.23,8.41,0,36.6,42.8,39.7,75.9,Low
50.1,7.5,5.7,5.88,0,36.5,42.6,39.5,69.14,Medium
59.5,5.3,4.84,5.02,1,34.8,41.0,37.9,60.69,Medium
56.9,4.4,4.33,4.5,1,38.5,44.7,41.6,58.81,Medium
67.6,8.5,5.81,5.99,1,26.0,32.1,29.0,78.58,Low
49.4,6.8,6.63,6.81,0,38.3,44.5,41.4,71.62,Medium
90.7,7.8,7.39,7.56,1,50.0,50.0,50.0,87.68,Low
26.7,2.2,3.94,4.12,2,17.5,23.6,20.5,41.27,High
99.1,10.0,6.94,7.11,0,41.6,47.8,44.7,92.46,Low
44.4,6.1,5.94,6.12,2,27.1,33.3,30.2,57.94,Medium
63.5,9.4,6.41,6.58,1,34.8,41.0,37.9,79.02,Low
53.0,6.1,4.81,4.99,2,36.4,42.6,39.5,62.16,Medium
100.0,8.3,8.61,8.78,0,38.3,44.4,41.4,89.06,Low
92.3,8.2,7.85,8.02,0,38.0,44.2,41.1,88.37,Low
89.9,10.0,7.84,8.01,1,50.0,50.0,50.0,90.15,Low
42.4,6.3,3.38,3.56,0,25.5,31.7,28.6,53.63,High
71.8,5.6,7.03,7.2,3,50.0,50.0,50.0,75.17,Low
70.0,8.3,8.46,8.64,0,34.3,40.5,37.4,86.71,Low
28.6,3.9,3.75,3.92,2,21.2,27.4,24.3,45.18,High
54.8,5.3,4.78,4.95,1,29.2,35.3,32.3,61.18,Medium
78.2,7.8,6.86,7.03,0,38.1,44.3,41.2,81.64,Low
66.2,5.9,8.57,8.74,1,26.3,32.5,29.4,68.6,Medium
74.2,6.4,6.42,6.59,1,40.3,46.5,43.4,78.21,Low
59.9,6.2,8.64,8.82,1,38.7,44.9,41.8,80.96,Low
96.0,8.6,8.53,8.71,0,46.1,50.0,48.1,91.38,Low
84.0,8.8,9.34,9.51,1,41.7,47.9,44.8,92.57,Low
33.3,0.5,3.0,3.18,1,5.0,11.2,8.1,37.21,High
65.8,8.5,6.67,6.84,1,36.4,42.6,39.5,79.64,Low
77.6,7.2,5.28,5.46,4,24.4,30.6,27.5,62.62,Medium
30.7,6.3,3.0,3.18,2,22.7,28.9,25.8,45.69,High
70.2,6.7,8.01,8.19,3,49.3,50.0,49.7,81.13,Low
79.4,8.2,8.2,8.37,0,50.0,50.0,50.0,88.64,Low
45.4,7.4,5.83,6.01,1,14.2,20.4,17.3,60.72,Medium
71.1,6.6,6.98,7.16,1,33.1,39.3,36.2,72.44,Medium
45.2,5.0,5.37,5.55,0,29.2,35.3,32.3,65.73,Medium
44.4,6.7,4.41,4.59,0,27.8,34.0,30.9,54.14,High
79.0,7.6,8.76,8.94,1,36.8,42.9,39.9,88.16,Low
35.4,6.9,5.09,5.27,3,32.1,38.3,35.2,54.53,High
65.3,8.4,7.79,7.96,0,37.9,44.0,40.9,85.63,Low
42.5,5.4,3.7,3.88,1,31.5,37.7,34.6,51.28,High
83.7,10.0,10.0,10.0,0,48.1,50.0,49.0,99.09,Low
64.6,9.6,7.38,7.56,1,47.3,50.0,48.6,82.38,Low
82.8,6.3,5.65,5.83,0,23.6,29.8,26.7,73.23,Medium
71.4,6.6,7.94,8.12,1,31.7,37.9,34.8,74.04,Medium
47.2,7.4,3.48,3.65,0,27.1,33.2,30.2,59.91,Medium
94.5,6.7,9.78,9.96,0,50.0,50.0,50.0,90.8,Low
69.1,4.3,6.15,6.32,4,24.5,30.7,27.6,56.07,Medium
49.3,7.2,6.16,6.34,1,32.4,38.6,35.5,61.55,Medium
57.3,8.2,6.38,6.56,2,20.1,26.3,23.2,67.5,Medium
41.9,6.1,5.74,5.92,2,27.8,34.0,30.9,59.88,Medium
100.0,9.4,6.49,6.66,2,45.8,50.0,47.9,86.09,Low
56.4,4.4,6.28,6.46,0,33.1,39.3,36.2,73.57,Medium
68.6,7.2,8.86,9.04,1,37.8,44.0,40.9,81.94,Low
57.4,4.2,6.86,7.04,1,26.0,32.2,29.1,67.88,Medium
61.8,8.8,6.16,6.33,1,33.8,40.0,36.9,72.51,Medium
74.4,3.9,6.4,6.58,0,42.7,48.9,45.8,75.34,Low
100.0,8.8,10.0,10.0,0,50.0,50.0,50.0,99.5,Low
36.6,4.9,3.35,3.52,3,13.7,19.8,16.7,47.45,High
76.2,10.0,7.91,8.09,1,42.5,48.7,45.6,84.82,Low
68.9,8.9,10.0,10.0,1,34.4,40.6,37.5,90.75,Low
51.1,6.1,3.58,3.76,1,19.7,25.8,22.7,53.88,High
100.0,10.0,9.84,10.0,0,50.0,50.0,50.0,99.5,Low
78.4,8.2,8.6,8.78,1,41.5,47.6,44.6,87.68,Low
86.7,6.9,9.87,10.0,0,50.0,50.0,50.0,94.74,Low
72.4,7.6,7.35,7.52,0,33.6,39.8,36.7,67.53,Medium
67.5,7.3,5.67,5.85,3,31.9,38.1,35.0,70.09,Medium
61.3,7.7,7.82,8.0,1,36.7,42.9,39.8,75.35,Low
63.6,7.9,6.24,6.42,1,18.6,24.8,21.7,66.28,Medium
98.5,7.5,9.42,9.6,0,47.3,50.0,48.7,96.76,Low
71.2,8.1,7.55,7.72,2,35.2,41.4,38.3,74.01,Medium
61.4,5.2,4.46,4.63,0,36.7,42.8,39.7,65.99,Medium
89.9,7.5,8.83,9.01,0,47.8,50.0,48.9,93.23,Low
69.4,8.0,7.9,8.08,1,33.9,40.1,37.0,76.94,Low
64.8,6.9,8.54,8.71,0,48.3,50.0,49.1,86.22,Low
73.1,9.3,6.41,6.59,0,38.5,44.7,41.6,80.35,Low
52.8,4.4,6.64,6.82,2,25.4,31.5,28.5,64.72,Medium
59.8,3.8,4.85,5.03,1,27.5,33.7,30.6,54.44,High
56.8,4.9,6.36,6.53,1,25.2,31.4,28.3,61.54,Medium
51.2,6.3,3.98,4.16,2,30.9,37.0,34.0,58.11,Medium
76.0,8.7,8.33,8.5,1,38.4,44.6,41.5,82.62,Low
68.7,4.4,7.11,7.29,1,34.7,40.9,37.8,69.22,Medium
72.5,7.9,5.94,6.11,1,36.6,42.7,39.7,71.89,Medium
22.5,3.7,3.0,3.18,4,16.5,22.7,19.6,32.26,High
47.5,3.0,5.39,5.57,1,28.9,35.1,32.0,57.3,Medium
100.0,5.2,9.13,9.31,0,50.0,50.0,50.0,93.7,Low
57.9,5.6,3.61,3.78,1,32.6,38.8,35.7,54.33,High
71.1,9.0,6.53,6.7,2,38.2,44.4,41.3,77.83,Low
36.0,6.7,5.68,5.86,0,30.9,37.0,33.9,67.94,Medium
99.5,8.0,8.12,8.29,0,45.6,50.0,47.8,86.68,Low
77.9,9.0,7.35,7.53,1,33.0,39.2,36.1,75.03,Low
72.4,4.2,7.93,8.1,1,48.5,50.0,49.3,83.16,Low
100.0,10.0,10.0,10.0,1,50.0,50.0,50.0,99.5,Low
74.1,8.8,7.58,7.76,0,46.8,50.0,48.4,79.02,Low
62.2,7.9,5.77,5.94,4,28.2,34.4,31.3,63.79,Medium
57.5,7.6,7.66,7.84,2,39.2,45.4,42.3,80.33,Low
55.2,7.6,5.47,5.65,1,36.8,43.0,39.9,64.75,Medium
100.0,5.8,6.95,7.13,2,40.5,46.7,43.6,86.0,Low
65.5,7.8,5.72,5.9,2,30.9,37.0,33.9,66.52,Medium
57.2,6.8,7.22,7.4,2,33.0,39.1,36.1,71.12,Medium
93.2,7.0,9.08,9.25,0,46.3,50.0,48.2,91.63,Low
46.0,3.7,6.04,6.22,0,28.4,34.6,31.5,66.18,Medium
99.5,10.0,10.0,10.0,0,50.0,50.0,50.0,99.5,Low
79.4,6.7,7.48,7.65,1,36.6,42.8,39.7,85.7,Low
92.1,8.0,9.01,9.18,1,46.5,50.0,48.3,97.61,Low
65.8,7.1,6.31,6.48,1,43.4,49.5,46.5,74.82,Medium
97.5,8.9,9.48,9.66,0,50.0,50.0,50.0,99.5,Low
69.1,5.5,5.58,5.76,0,34.6,40.8,37.7,75.37,Low
58.7,3.2,3.95,4.13,2,24.8,31.0,27.9,53.5,High
71.3,10.0,5.98,6.15,1,43.2,49.4,46.3,74.89,Medium
82.4,9.9,7.48,7.65,0,42.9,49.1,46.0,83.29,Low
60.6,6.4,5.75,5.93,1,25.7,31.9,28.8,60.05,Medium
36.2,4.2,3.0,3.18,2,27.8,34.0,30.9,41.68,High
34.4,5.0,3.5,3.67,3,23.5,29.6,26.6,48.31,High
37.6,2.8,3.55,3.72,0,40.0,46.2,43.1,55.99,Medium
27.6,4.2,3.38,3.55,1,29.2,35.4,32.3,45.01,High
54.2,5.1,8.51,8.69,3,39.9,46.1,43.0,71.23,Medium
89.3,8.6,8.47,8.65,0,45.3,50.0,47.7,91.97,Low
70.1,5.1,6.63,6.8,1,35.0,41.2,38.1,74.8,Medium
46.6,1.4,3.42,3.59,2,7.8,13.9,10.9,36.09,High
58.1,8.8,6.26,6.44,0,20.2,26.4,23.3,71.05,Medium
68.2,6.6,6.88,7.06,2,26.5,32.7,29.6,70.15,Medium
100.0,10.0,10.0,10.0,0,50.0,50.0,50.0,99.5,Low
40.7,1.5,4.43,4.61,5,6.9,13.1,10.0,39.63,High
68.8,5.3,8.63,8.8,2,26.9,33.0,30.0,73.03,Medium
100.0,10.0,10.0,10.0,0,46.8,50.0,48.4,99.01,Low
78.9,7.8,6.59,6.77,0,36.3,42.5,39.4,83.02,Low
75.0,4.7,8.09,8.27,2,34.2,40.3,37.2,75.48,Low
66.4,7.3,6.28,6.46,1,32.6,38.8,35.7,73.08,Medium
59.9,7.9,7.76,7.94,0,48.9,50.0,49.4,78.8,Low
73.2,9.9,6.88,7.06,1,45.2,50.0,47.6,85.28,Low
48.0,4.5,4.43,4.6,1,23.2,29.4,26.3,61.84,Medium
71.7,5.2,8.6,8.78,2,41.0,47.2,44.1,74.59,Medium
49.1,3.1,5.36,5.54,4,22.1,28.3,25.2,49.83,High
85.5,5.8,7.81,7.99,0,31.4,37.6,34.5,79.28,Low
62.0,8.1,7.87,8.05,0,30.1,36.3,33.2,88.37,Low
60.4,1.9,6.09,6.26,4,35.8,42.0,38.9,61.29,Medium
57.3,6.1,6.92,7.09,1,30.9,37.0,34.0,70.81,Medium
54.4,7.7,5.29,5.46,1,21.0,27.2,24.1,57.75,Medium
42.9,5.0,5.71,5.89,2,24.6,30.8,27.7,52.79,High
68.0,7.5,7.12,7.3,1,31.8,38.0,34.9,77.64,Low
42.4,2.6,4.87,5.04,0,10.8,17.0,13.9,45.89,High
83.6,5.1,7.24,7.42,0,36.5,42.6,39.5,75.62,Low
46.0,6.9,6.28,6.45,1,30.3,36.5,33.4,65.53,Medium
73.6,8.2,7.99,8.17,0,43.2,49.4,46.3,86.85,Low
35.4,4.9,4.86,5.04,3,39.6,45.7,42.7,55.04,Medium
60.9,4.3,6.27,6.45,1,37.9,44.1,41.0,66.87,Medium
66.3,5.9,5.65,5.83,1,38.8,45.0,41.9,72.9,Medium
93.3,7.4,8.31,8.49,1,50.0,50.0,50.0,87.19,Low
96.0,9.0,7.7,7.88,0,42.1,48.3,45.2,93.6,Low
78.7,10.0,6.41,6.58,2,33.3,39.5,36.4,76.91,Low
73.4,8.3,9.31,9.48,1,45.1,50.0,47.5,91.37,Low
29.0,2.3,3.93,4.1,2,12.2,18.4,15.3,43.47,High
72.0,3.2,6.19,6.37,1,34.4,40.6,37.5,66.72,Medium
93.6,7.8,10.0,10.0,0,46.4,50.0,48.2,95.98,Low
81.9,9.2,7.3,7.48,3,37.9,44.1,41.0,72.35,Medium
72.8,5.5,8.09,8.27,1,30.0,36.2,33.1,69.65,Medium
79.9,7.2,7.26,7.44,1,33.9,40.0,36.9,78.12,Low
90.1,9.2,8.49,8.67,0,44.5,50.0,47.3,93.38,Low
51.3,5.5,3.32,3.49,2,16.1,22.2,19.1,43.69,High
41.1,3.7,3.99,4.17,3,6.2,12.4,9.3,36.71,High
70.4,6.6,6.36,6.54,1,25.6,31.8,28.7,75.18,Low
70.9,5.7,6.1,6.28,1,19.9,26.1,23.0,69.19,Medium
100.0,8.2,9.41,9.58,0,39.0,45.2,42.1,92.04,Low
59.4,5.5,7.42,7.6,0,34.2,40.4,37.3,73.28,Medium
35.2,4.1,3.5,3.68,0,19.1,25.3,22.2,49.82,High
48.4,4.9,4.27,4.45,1,30.7,36.9,33.8,54.45,High
24.9,5.1,3.0,3.18,2,15.9,22.1,19.0,36.7,High
50.5,7.0,5.69,5.86,1,39.5,45.7,42.6,66.4,Medium
49.4,8.1,7.46,7.63,2,36.7,42.8,39.7,75.49,Low
51.9,4.6,7.05,7.23,1,31.9,38.0,35.0,71.61,Medium
76.7,9.4,9.77,9.94,0,50.0,50.0,50.0,93.58,Low
81.9,7.8,9.18,9.35,1,50.0,50.0,50.0,92.65,Low
71.5,7.1,6.07,6.25,2,35.2,41.4,38.3,70.26,Medium
30.0,4.1,3.27,3.45,2,24.8,30.9,27.8,39.87,High
80.5,7.9,8.19,8.37,0,22.8,29.0,25.9,80.91,Low
65.2,10.0,7.24,7.42,1,36.7,42.9,39.8,74.97,Medium
68.6,9.3,8.53,8.7,2,34.5,40.7,37.6,85.01,Low
90.6,10.0,8.99,9.17,0,50.0,50.0,50.0,99.5,Low
54.1,5.9,4.02,4.19,3,35.1,41.3,38.2,53.46,High
94.9,10.0,10.0,10.0,1,40.9,47.1,44.0,95.19,Low
53.3,3.2,5.26,5.43,0,35.7,41.9,38.8,66.97,Medium
100.0,10.0,7.09,7.26,1,32.2,38.3,35.3,90.0,Low
39.1,2.5,3.18,3.36,1,11.7,17.8,14.8,37.68,High
45.3,4.4,6.56,6.73,2,24.5,30.6,27.5,58.63,Medium
92.0,10.0,10.0,10.0,0,44.7,50.0,47.3,99.5,Low
64.5,8.1,7.27,7.44,0,20.9,27.1,24.0,71.65,Medium
80.8,6.6,9.42,9.59,1,45.7,50.0,47.8,90.83,Low
71.7,6.5,8.3,8.47,1,40.8,47.0,43.9,79.4,Low
51.8,6.8,7.12,7.3,2,40.5,46.7,43.6,68.78,Medium
81.6,8.9,9.41,9.59,0,42.6,48.7,45.6,93.7,Low
62.5,7.6,6.88,7.06,1,31.7,37.9,34.8,67.77,Medium
36.1,8.6,4.44,4.61,1,18.7,24.8,21.7,47.64,High
48.7,6.0,4.77,4.94,0,39.0,45.2,42.1,68.1,Medium
75.6,6.7,8.4,8.57,0,18.8,25.0,21.9,76.2,Low
75.3,5.7,8.79,8.96,2,30.7,36.8,33.8,85.32,Low
50.3,3.7,3.95,4.13,2,20.7,26.9,23.8,55.77,Medium
54.7,4.3,5.29,5.46,2,20.2,26.4,23.3,53.51,High
62.1,6.5,6.24,6.42,1,27.2,33.4,30.3,75.97,Low
56.4,6.8,5.59,5.77,0,30.0,36.2,33.1,71.07,Medium
50.3,3.8,3.28,3.45,3,17.7,23.9,20.8,40.99,High
61.1,8.5,6.76,6.94,7,29.1,35.3,32.2,53.84,High
64.3,4.5,5.16,5.33,3,32.2,38.4,35.3,61.28,Medium
88.3,7.9,8.13,8.3,0,38.9,45.1,42.0,88.87,Low
87.6,9.1,7.63,7.8,0,37.7,43.9,40.8,89.29,Low
64.5,7.8,7.7,7.88,1,31.6,37.8,34.7,75.83,Low
63.8,7.9,6.9,7.08,1,30.6,36.8,33.7,69.39,Medium
81.0,7.6,6.82,7.0,0,23.0,29.2,26.1,75.37,Low
47.6,6.9,4.35,4.53,2,30.3,36.5,33.4,59.05,Medium
42.2,3.9,4.54,4.71,2,21.1,27.3,24.2,48.22,High
53.8,6.5,5.71,5.89,1,34.8,41.0,37.9,65.1,Medium
61.4,7.0,5.89,6.07,3,32.7,38.9,35.8,58.62,Medium
40.0,6.9,4.92,5.1,5,32.3,38.5,35.4,50.63,High
70.0,4.7,7.27,7.44,1,28.3,34.5,31.4,67.75,Medium
79.5,6.8,8.72,8.9,0,37.6,43.8,40.7,90.19,Low
20.0,5.3,4.06,4.24,1,11.8,18.0,14.9,40.89,High
66.2,3.1,7.25,7.42,1,29.3,35.5,32.4,68.02,Medium
62.7,7.1,5.54,5.71,1,40.9,47.1,44.0,78.12,Low
72.2,8.9,9.68,9.85,1,47.3,50.0,48.7,90.26,Low
81.9,6.0,6.52,6.7,0,25.9,32.0,28.9,73.38,Medium
31.1,3.7,4.51,4.69,0,18.4,24.6,21.5,52.48,High
38.3,3.2,5.16,5.34,2,22.7,28.9,25.8,44.13,High
42.4,6.1,6.48,6.66,1,38.3,44.5,41.4,71.43,Medium
80.7,7.9,8.56,8.73,0,30.4,36.6,33.5,89.15,Low
26.4,2.1,3.03,3.21,1,5.0,11.2,8.1,37.12,High
68.8,6.4,6.57,6.74,0,40.4,46.5,43.5,65.2,Medium
99.3,8.4,9.22,9.39,0,30.5,36.6,33.6,92.33,Low
74.0,6.1,5.06,5.23,3,29.6,35.8,32.7,57.48,Medium
78.1,10.0,9.31,9.49,1,39.8,46.0,42.9,94.89,Low
52.3,5.1,6.32,6.49,0,30.9,37.1,34.0,71.3,Medium
76.2,7.1,7.17,7.35,1,32.0,38.2,35.1,78.15,Low
40.2,3.2,3.0,3.18,2,17.7,23.8,20.8,37.32,High
20.0,2.0,3.0,3.18,0,20.0,26.2,23.1,45.95,High
66.9,6.0,9.65,9.83,1,44.0,50.0,47.0,85.09,Low
46.8,2.9,8.86,9.04,1,21.1,27.3,24.2,73.67,Medium
67.8,4.3,7.1,7.28,2,30.4,36.6,33.5,69.23,Medium
67.2,4.7,5.38,5.55,1,24.9,31.1,28.0,64.8,Medium
44.6,5.9,4.88,5.05,2,34.0,40.2,37.1,56.18,Medium
57.4,4.0,5.74,5.92,0,38.0,44.2,41.1,72.68,Medium
43.7,4.8,6.46,6.63,5,36.3,42.5,39.4,57.57,Medium
79.9,5.5,6.45,6.63,1,32.9,39.1,36.0,78.58,Low
58.0,7.2,6.48,6.66,0,34.2,40.4,37.3,73.8,Medium
79.0,8.9,6.2,6.38,0,35.1,41.3,38.2,79.29,Low
80.2,6.6,8.08,8.26,3,35.0,41.2,38.1,78.68,Low
99.2,9.4,9.43,9.61,1,40.4,46.5,43.4,99.5,Low
47.7,7.0,5.08,5.25,0,33.8,40.0,36.9,68.85,Medium
72.7,7.3,6.69,6.87,3,39.7,45.9,42.8,72.7,Medium
89.0,7.7,7.71,7.89,0,41.5,47.7,44.6,81.43,Low
81.7,9.2,8.35,8.52,0,49.2,50.0,49.6,94.73,Low
62.3,3.2,3.82,4.0,0,23.5,29.7,26.6,51.42,High
59.2,6.9,5.0,5.18,1,36.4,42.6,39.5,66.15,Medium
98.8,9.8,8.66,8.83,0,36.1,42.3,39.2,94.18,Low
52.5,5.7,6.69,6.87,0,37.3,43.5,40.4,66.89,Medium
84.1,7.4,7.65,7.83,2,35.3,41.4,38.3,80.7,Low
79.0,6.3,7.02,7.2,0,36.5,42.7,39.6,87.33,Low
61.8,6.9,4.98,5.16,2,26.3,32.5,29.4,59.93,Medium
78.5,8.5,7.02,7.2,0,19.0,25.1,22.0,79.35,Low
69.3,7.0,8.04,8.22,2,24.3,30.5,27.4,81.58,Low
60.8,6.3,5.84,6.02,0,33.2,39.4,36.3,73.2,Medium
74.8,8.2,7.32,7.49,0,35.1,41.3,38.2,79.51,Low
48.4,4.4,5.74,5.92,0,40.0,46.2,43.1,67.57,Medium
71.0,5.9,8.69,8.86,0,42.6,48.8,45.7,86.99,Low
100.0,7.3,10.0,10.0,0,50.0,50.0,50.0,99.5,Low
47.5,3.7,3.39,3.57,0,18.7,24.8,21.8,54.6,High
66.4,6.2,7.41,7.59,0,44.5,50.0,47.2,70.84,Medium
47.7,6.1,5.58,5.76,1,23.4,29.6,26.5,57.26,Medium
71.4,5.0,7.7,7.87,1,37.9,44.1,41.0,76.7,Low
76.1,6.0,5.69,5.87,3,26.8,33.0,29.9,60.08,Medium
71.0,8.8,9.21,9.39,0,50.0,50.0,50.0,79.1,Low
91.6,7.4,9.76,9.93,0,46.7,50.0,48.4,94.22,Low
78.7,7.7,6.19,6.36,0,30.7,36.9,33.8,76.56,Low
86.4,7.9,8.45,8.63,0,42.8,49.0,45.9,88.9,Low
38.2,2.8,3.0,3.18,0,17.6,23.8,20.7,41.8,High
92.0,10.0,8.46,8.64,0,45.8,50.0,47.9,95.36,Low
72.2,8.8,5.76,5.93,1,33.4,39.6,36.5,74.43,Medium
76.6,8.8,8.03,8.2,2,38.6,44.8,41.7,80.04,Low
57.4,3.6,4.41,4.58,1,26.0,32.2,29.1,61.01,Medium
46.2,4.7,4.09,4.27,4,24.4,30.6,27.5,46.27,High
74.0,7.9,7.21,7.38,3,32.1,38.2,35.2,69.58,Medium
67.0,5.3,7.82,7.99,0,24.5,30.7,27.6,70.88,Medium
62.3,7.0,8.04,8.21,0,36.9,43.1,40.0,79.75,Low
80.3,8.1,8.53,8.71,0,41.9,48.1,45.0,93.38,Low
51.8,3.7,3.0,3.18,3,16.7,22.9,19.8,39.24,High
86.6,7.0,9.1,9.28,0,43.7,49.8,46.8,94.39,Low
58.0,4.2,6.95,7.12,0,39.3,45.5,42.4,73.25,Medium
67.6,7.2,6.84,7.01,3,37.2,43.4,40.3,77.46,Low
41.5,5.6,6.04,6.22,1,25.4,31.5,28.5,61.92,Medium
100.0,5.1,6.91,7.09,0,36.6,42.8,39.7,80.67,Low
29.8,3.2,3.0,3.18,1,9.5,15.7,12.6,41.37,High
75.2,9.4,6.95,7.13,1,32.2,38.4,35.3,81.33,Low
56.8,5.1,4.7,4.88,4,17.2,23.3,20.3,47.52,High
50.5,6.3,6.92,7.09,1,34.6,40.8,37.7,65.52,Medium
66.9,5.3,5.5,5.68,2,27.5,33.7,30.6,64.42,Medium
100.0,8.9,7.51,7.69,0,44.6,50.0,47.3,92.43,Low
63.8,6.8,6.18,6.35,2,25.7,31.9,28.8,60.23,Medium
38.9,5.8,4.5,4.67,2,16.5,22.7,19.6,50.13,High
55.4,5.7,6.41,6.58,0,35.4,41.6,38.5,68.64,Medium
100.0,7.4,8.59,8.77,0,41.5,47.7,44.6,88.19,Low
80.9,8.3,7.15,7.32,1,32.7,38.9,35.8,78.28,Low
53.1,6.8,5.46,5.64,1,23.1,29.2,26.2,66.37,Medium
57.1,6.7,6.63,6.81,2,35.0,41.1,38.0,72.56,Medium
35.8,4.3,4.17,4.35,1,30.3,36.5,33.4,55.71,Medium
78.2,9.8,7.64,7.82,1,34.5,40.7,37.6,83.97,Low
51.5,2.9,3.97,4.15,2,17.5,23.7,20.6,49.4,High
91.3,9.9,8.01,8.19,1,47.9,50.0,48.9,91.57,Low
74.7,6.0,6.09,6.26,0,22.4,28.6,25.5,66.7,Medium
95.3,10.0,10.0,10.0,1,50.0,50.0,50.0,96.29,Low
36.0,6.7,4.57,4.75,2,41.8,47.9,44.8,55.88,Medium
71.6,6.2,8.48,8.66,0,14.2,20.4,17.3,80.97,Low
85.1,10.0,8.64,8.82,0,48.6,50.0,49.3,98.44,Low
86.0,9.5,8.45,8.62,0,39.1,45.3,42.2,87.5,Low
59.2,4.4,5.7,5.88,0,26.2,32.4,29.3,64.93,Medium
60.4,6.7,6.91,7.08,0,33.0,39.2,36.1,72.84,Medium
57.8,8.4,7.77,7.95,1,39.7,45.9,42.8,78.01,Low
71.9,8.6,7.0,7.18,1,35.6,41.8,38.7,76.2,Low
61.2,4.1,5.4,5.58,0,21.7,27.9,24.8,67.28,Medium
77.1,6.5,7.38,7.56,0,32.0,38.2,35.1,79.35,Low
46.9,4.4,5.71,5.89,0,24.0,30.2,27.1,61.85,Medium
71.0,6.3,8.3,8.47,1,26.9,33.0,30.0,77.82,Low
68.2,10.0,7.44,7.62,2,26.3,32.5,29.4,71.52,Medium
53.4,6.7,6.37,6.54,2,46.0,50.0,48.0,70.13,Medium
35.4,4.0,4.1,4.27,3,15.8,22.0,18.9,45.92,High
88.9,10.0,8.61,8.79,4,41.4,47.6,44.5,89.5,Low
77.6,6.9,6.66,6.83,1,34.3,40.5,37.4,71.77,Medium
34.7,7.0,6.41,6.58,0,31.7,37.8,34.8,60.92,Medium
55.4,4.0,6.51,6.68,0,44.0,50.0,47.0,72.12,Medium
54.5,3.6,4.21,4.38,2,25.3,31.5,28.4,56.1,Medium
51.4,6.5,3.91,4.09,3,14.7,20.8,17.7,49.33,High
44.7,8.1,5.94,6.12,2,19.7,25.9,22.8,62.05,Medium
100.0,7.8,7.18,7.36,0,41.6,47.8,44.7,84.14,Low
56.8,4.5,5.19,5.37,0,26.7,32.9,29.8,60.56,Medium
82.7,8.7,7.38,7.56,0,27.4,33.6,30.5,74.27,Medium
62.8,5.0,6.14,6.32,1,35.2,41.3,38.2,67.91,Medium
68.5,6.8,8.91,9.09,0,28.5,34.7,31.6,74.64,Medium
58.3,7.8,7.07,7.25,1,43.3,49.4,46.3,81.25,Low
100.0,7.5,9.59,9.76,0,50.0,50.0,50.0,99.5,Low
68.9,3.1,6.47,6.65,0,27.7,33.9,30.8,69.31,Medium
49.5,2.3,5.14,5.32,2,23.7,29.9,26.8,46.98,High
50.3,4.5,6.12,6.3,1,13.6,19.8,16.7,59.08,Medium
48.9,3.3,5.24,5.41,1,33.8,40.0,36.9,65.82,Medium
59.5,4.3,3.96,4.14,3,19.9,26.1,23.0,50.83,High
66.5,5.5,8.1,8.28,4,29.9,36.1,33.0,72.23,Medium
62.9,8.3,6.0,6.18,1,28.0,34.2,31.1,67.89,Medium
92.0,10.0,10.0,10.0,1,50.0,50.0,50.0,95.62,Low
20.0,2.4,3.62,3.8,2,17.0,23.1,20.0,37.39,High
74.6,7.5,6.61,6.79,2,42.4,48.6,45.5,69.07,Medium
40.7,3.5,6.34,6.52,1,18.9,25.1,22.0,64.77,Medium
39.7,5.5,4.97,5.15,2,42.0,48.1,45.0,59.52,Medium
75.8,9.6,7.66,7.83,0,25.9,32.1,29.0,84.91,Low
49.7,2.2,3.32,3.49,0,25.5,31.7,28.6,49.4,High
85.9,6.8,5.78,5.96,0,28.9,35.1,32.0,69.78,Medium
97.8,8.7,9.29,9.46,0,50.0,50.0,50.0,99.5,Low
60.4,7.6,5.43,5.61,3,26.7,32.9,29.8,56.96,Medium
81.3,2.7,7.75,7.93,0,33.8,40.0,36.9,79.0,Low
96.6,7.9,8.21,8.39,1,48.3,50.0,49.2,92.5,Low
61.8,6.5,6.44,6.62,0,43.1,49.3,46.2,76.17,Low
58.5,4.9,4.5,4.68,2,37.4,43.6,40.5,56.86,Medium
32.3,4.1,5.02,5.2,0,11.8,18.0,14.9,50.41,High
84.4,9.6,7.95,8.13,1,40.7,46.9,43.8,84.04,Low
64.7,4.6,7.06,7.23,3,27.6,33.7,30.7,67.29,Medium
49.6,8.0,4.59,4.77,0,18.5,24.6,21.5,62.29,Medium
84.0,5.0,6.43,6.6,1,27.1,33.2,30.1,71.84,Medium
70.2,7.6,7.53,7.71,2,26.0,32.2,29.1,70.94,Medium
63.8,6.1,4.18,4.35,1,31.3,37.4,34.3,69.0,Medium
95.5,7.1,8.08,8.26,1,25.8,32.0,28.9,78.19,Low
41.4,4.0,3.43,3.61,1,22.3,28.5,25.4,42.71,High
100.0,8.5,8.22,8.39,1,50.0,50.0,50.0,92.48,Low
49.7,4.7,3.85,4.03,1,30.0,36.2,33.1,54.07,High
89.4,4.4,4.79,4.96,1,24.3,30.5,27.4,69.51,Medium
88.8,9.7,10.0,10.0,0,40.6,46.7,43.7,99.5,Low
80.3,7.6,6.41,6.58,0,46.8,50.0,48.4,82.43,Low
73.8,5.3,6.68,6.86,0,18.6,24.8,21.7,72.14,Medium
56.0,4.1,5.12,5.3,4,33.8,40.0,36.9,55.97,Medium
78.5,4.3,4.68,4.85,0,28.0,34.2,31.1,73.49,Medium
62.6,6.3,8.29,8.46,0,47.4,50.0,48.7,84.28,Low
77.7,7.5,6.33,6.5,0,22.2,28.4,25.3,71.46,Medium
78.1,6.8,6.43,6.61,2,39.7,45.8,42.7,75.0,Medium
74.5,9.5,6.21,6.39,1,33.0,39.2,36.1,67.02,Medium
54.7,3.3,6.36,6.54,1,29.9,36.0,33.0,63.43,Medium
57.6,5.0,5.53,5.7,1,12.2,18.3,15.2,61.37,Medium
71.5,5.9,8.15,8.32,2,33.8,40.0,36.9,78.07,Low
89.5,9.5,9.03,9.2,1,46.5,50.0,48.3,94.82,Low
46.8,5.5,5.45,5.63,1,34.9,41.0,38.0,64.8,Medium
67.0,6.2,8.02,8.2,0,39.4,45.6,42.5,85.29,Low
53.3,5.6,5.63,5.81,2,22.9,29.1,26.0,63.68,Medium
76.3,5.9,8.4,8.58,2,27.9,34.1,31.0,77.74,Low
61.7,7.0,6.85,7.03,2,21.1,27.3,24.2,65.07,Medium
84.6,6.7,9.44,9.62,0,50.0,50.0,50.0,85.57,Low
66.1,8.7,7.98,8.15,0,32.9,39.0,35.9,85.36,Low
38.2,4.5,3.0,3.18,2,33.2,39.4,36.3,49.38,High
81.6,7.3,8.2,8.38,0,43.4,49.6,46.5,88.59,Low
54.6,5.2,4.09,4.27,4,29.7,35.9,32.8,47.87,High
60.3,5.6,4.36,4.53,2,26.9,33.1,30.0,60.42,Medium
78.3,9.1,7.51,7.68,0,41.3,47.5,44.4,85.46,Low
53.4,10.0,4.96,5.14,3,29.7,35.9,32.8,61.2,Medium
97.8,10.0,8.31,8.49,1,39.0,45.2,42.1,91.63,Low
52.2,4.7,5.61,5.78,1,32.3,38.5,35.4,64.18,Medium
53.1,6.6,5.91,6.09,0,27.7,33.9,30.8,63.19,Medium
61.7,6.6,4.87,5.05,0,22.8,29.0,25.9,65.9,Medium
40.0,4.5,6.65,6.82,1,33.4,39.6,36.5,61.09,Medium
78.8,6.9,8.59,8.76,2,42.9,49.1,46.0,80.98,Low
88.5,7.8,8.27,8.44,1,42.8,48.9,45.9,91.06,Low
79.7,10.0,8.63,8.81,1,45.4,50.0,47.7,86.92,Low
100.0,8.4,10.0,10.0,0,44.8,50.0,47.4,99.5,Low
65.6,4.0,6.04,6.21,2,37.4,43.6,40.5,66.17,Medium
65.5,7.7,7.79,7.97,1,45.4,50.0,47.7,75.49,Low
50.9,4.9,4.08,4.26,2,30.2,36.4,33.3,58.73,Medium
66.0,7.5,4.99,5.16,0,24.7,30.9,27.8,68.06,Medium
52.6,3.8,4.84,5.01,1,26.5,32.7,29.6,58.37,Medium
58.7,8.3,4.41,4.59,1,34.7,40.9,37.8,68.49,Medium
43.4,2.9,3.75,3.93,1,22.6,28.8,25.7,53.77,High
60.8,3.7,6.43,6.61,4,28.3,34.5,31.4,58.71,Medium
39.3,4.6,5.3,5.48,2,36.8,42.9,39.9,59.57,Medium
85.7,6.6,7.53,7.7,0,40.8,47.0,43.9,86.34,Low
64.0,5.2,5.16,5.33,2,38.6,44.8,41.7,62.83,Medium
100.0,10.0,10.0,10.0,1,48.1,50.0,49.0,94.75,Low
47.6,5.8,6.98,7.16,0,33.8,40.0,36.9,71.38,Medium
58.4,5.7,6.37,6.55,1,49.1,50.0,49.6,77.48,Low
49.9,5.2,4.08,4.26,2,23.2,29.4,26.3,53.92,High
100.0,9.3,8.94,9.11,0,46.7,50.0,48.3,94.37,Low
91.0,10.0,7.68,7.86,1,35.3,41.5,38.4,90.57,Low
69.2,7.1,7.78,7.96,1,44.1,50.0,47.1,80.0,Low
52.8,3.2,4.39,4.56,3,17.2,23.3,20.3,39.57,High
69.2,4.8,7.21,7.38,4,35.1,41.3,38.2,69.85,Medium
45.2,4.7,6.04,6.22,1,15.8,22.0,18.9,53.86,High
83.3,7.5,10.0,10.0,0,50.0,50.0,50.0,99.5,Low
95.8,6.3,6.69,6.87,0,49.0,50.0,49.5,89.85,Low
44.2,7.7,7.55,7.72,1,34.6,40.8,37.7,71.23,Medium
34.6,0.2,3.0,3.18,4,5.2,11.4,8.3,29.31,High
46.6,7.1,4.71,4.89,1,36.4,42.6,39.5,70.76,Medium
75.6,8.2,8.26,8.44,0,37.3,43.5,40.4,89.5,Low
100.0,8.8,7.31,7.48,1,36.6,42.8,39.7,87.35,Low
79.7,7.2,10.0,10.0,1,31.1,37.3,34.2,97.47,Low
34.1,5.2,4.56,4.73,1,15.9,22.1,19.0,50.25,High
71.8,7.3,6.53,6.71,0,26.4,32.6,29.5,76.35,Low
89.4,7.6,8.0,8.18,0,38.3,44.5,41.4,84.64,Low
35.4,4.3,3.0,3.18,1,25.1,31.3,28.2,40.52,High
52.1,4.4,6.5,6.68,1,31.3,37.5,34.4,64.19,Medium
64.0,5.0,6.83,7.01,1,38.8,45.0,41.9,72.42,Medium
75.7,4.7,5.1,5.27,1,26.4,32.6,29.5,65.71,Medium
37.3,4.1,4.35,4.53,2,18.7,24.9,21.8,42.13,High
67.0,6.2,7.4,7.57,1,44.7,50.0,47.3,80.6,Low
59.8,7.7,6.22,6.39,1,28.8,35.0,31.9,66.24,Medium
58.9,5.3,6.27,6.45,0,35.4,41.6,38.5,72.84,Medium
75.2,6.6,6.23,6.41,0,18.3,24.4,21.3,73.92,Medium
58.6,5.9,6.03,6.21,0,40.9,47.1,44.0,70.87,Medium
62.9,5.4,5.76,5.93,0,30.3,36.5,33.4,64.99,Medium
86.5,8.1,6.96,7.14,1,45.1,50.0,47.6,89.11,Low
55.6,6.2,6.02,6.19,2,30.6,36.7,33.6,66.8,Medium
55.1,5.2,6.33,6.5,0,34.8,41.0,37.9,70.27,Medium
69.7,7.0,6.97,7.14,1,39.5,45.7,42.6,81.93,Low
35.3,3.4,3.72,3.9,1,14.5,20.7,17.6,44.79,High
78.7,7.4,6.24,6.41,2,45.7,50.0,47.8,73.91,Medium
88.9,6.2,7.4,7.57,3,28.7,34.9,31.8,70.25,Medium
72.0,5.0,6.87,7.05,1,39.8,46.0,42.9,74.37,Medium
60.6,8.5,10.0,10.0,0,39.4,45.6,42.5,92.09,Low
38.1,2.4,3.13,3.31,2,19.8,26.0,22.9,45.99,High
34.8,2.0,3.74,3.91,2,14.0,20.2,17.1,40.32,High
73.1,6.9,9.81,9.99,0,36.7,42.9,39.8,93.5,Low
70.3,7.8,6.96,7.14,1,26.4,32.6,29.5,72.97,Medium
70.6,7.3,7.03,7.2,0,37.2,43.4,40.3,76.57,Low
59.6,5.3,5.13,5.3,1,30.4,36.6,33.5,58.18,Medium
85.4,7.1,9.3,9.48,0,35.9,42.0,39.0,88.6,Low
78.4,9.3,7.34,7.52,0,41.5,47.7,44.6,81.58,Low
66.8,4.3,8.01,8.18,2,39.1,45.2,42.1,81.04,Low
93.8,7.5,5.93,6.11,2,27.5,33.6,30.6,74.7,Medium
25.0,0.6,3.05,3.22,3,15.2,21.4,18.3,31.35,High
82.1,6.1,6.83,7.0,1,33.5,39.7,36.6,82.31,Low
73.8,8.2,10.0,10.0,0,50.0,50.0,50.0,89.95,Low
80.1,10.0,7.65,7.82,0,46.9,50.0,48.4,89.13,Low
43.7,7.7,4.21,4.39,1,28.4,34.6,31.5,64.87,Medium
75.0,8.9,9.07,9.25,2,47.9,50.0,49.0,87.11,Low
93.1,8.8,7.81,7.99,2,27.5,33.6,30.6,89.86,Low
99.2,6.8,9.75,9.93,0,29.3,35.5,32.4,95.61,Low
58.8,5.5,6.07,6.24,5,23.8,29.9,26.8,59.1,Medium
46.4,5.6,6.84,7.02,0,22.4,28.6,25.5,70.74,Medium
99.1,6.9,6.09,6.27,0,38.7,44.9,41.8,82.75,Low
57.1,7.1,7.52,7.7,1,35.9,42.1,39.0,73.04,Medium
64.3,4.2,4.81,4.99,0,30.9,37.1,34.0,63.67,Medium
85.3,8.7,7.21,7.38,2,29.6,35.7,32.6,74.43,Medium
83.6,5.1,7.69,7.86,0,41.7,47.9,44.8,83.28,Low
60.9,7.1,5.5,5.68,0,34.8,41.0,37.9,70.37,Medium
73.2,5.9,7.35,7.52,0,38.3,44.5,41.4,85.67,Low
58.9,5.8,5.13,5.31,1,28.2,34.3,31.3,64.58,Medium
93.4,9.7,9.06,9.23,1,50.0,50.0,50.0,99.5,Low
50.2,3.7,5.41,5.59,0,25.6,31.8,28.7,52.95,High
37.6,6.0,6.77,6.94,2,41.4,47.6,44.5,61.17,Medium
79.4,6.5,6.08,6.26,0,28.6,34.7,31.7,73.01,Medium
82.1,7.4,9.6,9.78,1,46.7,50.0,48.3,96.76,Low
37.7,3.6,5.11,5.28,5,20.9,27.0,23.9,42.38,High
40.1,4.4,4.19,4.36,3,20.6,26.7,23.7,40.51,High
36.9,2.3,3.0,3.18,2,21.1,27.3,24.2,39.82,High
59.6,6.9,5.56,5.73,0,32.2,38.4,35.3,65.0,Medium
26.4,4.5,5.14,5.32,0,5.9,12.0,9.0,43.61,High
65.5,5.3,5.48,5.66,0,9.3,15.5,12.4,68.12,Medium
84.4,10.0,9.0,9.18,0,48.5,50.0,49.3,94.56,Low
55.1,6.3,5.1,5.27,0,37.2,43.3,40.2,67.96,Medium
60.5,6.7,6.38,6.56,0,49.2,50.0,49.6,76.37,Low
63.8,6.5,6.5,6.68,1,31.3,37.5,34.4,69.6,Medium
64.8,6.5,7.33,7.5,2,30.7,36.8,33.8,68.13,Medium
65.8,7.0,7.62,7.79,0,35.1,41.3,38.2,78.09,Low
48.7,5.2,6.51,6.69,1,28.2,34.4,31.3,65.49,Medium
73.6,4.8,6.62,6.79,2,25.5,31.7,28.6,71.88,Medium
82.1,9.1,8.68,8.86,0,50.0,50.0,50.0,96.58,Low
70.2,6.8,7.65,7.83,1,50.0,50.0,50.0,77.2,Low
63.8,3.9,3.0,3.18,4,25.5,31.7,28.6,49.18,High
82.7,7.1,8.27,8.44,0,39.5,45.7,42.6,88.79,Low
53.0,9.1,5.1,5.28,0,15.7,21.9,18.8,61.17,Medium
88.3,8.3,10.0,10.0,1,50.0,50.0,50.0,96.36,Low
79.4,5.6,9.09,9.26,0,43.2,49.4,46.3,90.73,Low
51.1,5.1,7.11,7.29,1,34.4,40.6,37.5,69.04,Medium
80.4,8.1,8.0,8.17,0,38.7,44.9,41.8,88.24,Low
68.9,8.3,6.18,6.36,1,28.1,34.3,31.2,68.69,Medium
77.7,7.0,8.18,8.35,0,40.8,47.0,43.9,92.86,Low
60.3,8.0,5.89,6.07,1,20.8,26.9,23.8,59.06,Medium
79.4,8.2,7.62,7.79,2,43.6,49.8,46.7,83.87,Low
67.3,8.0,7.94,8.12,0,40.7,46.9,43.8,85.01,Low
52.6,5.5,7.33,7.5,2,37.3,43.5,40.4,71.31,Medium
46.2,6.0,7.57,7.74,1,27.4,33.5,30.4,65.75,Medium
65.4,6.0,5.56,5.73,4,22.9,29.1,26.0,61.06,Medium
58.7,5.5,6.38,6.55,1,16.5,22.6,19.6,62.53,Medium
20.0,2.7,3.0,3.18,2,23.8,30.0,26.9,33.89,High
65.3,7.8,6.76,6.94,2,34.1,40.3,37.2,67.97,Medium
97.4,10.0,9.59,9.76,0,46.0,50.0,48.0,99.5,Low
87.5,9.6,9.26,9.44,0,46.1,50.0,48.1,90.97,Low
27.1,5.3,3.86,4.03,1,21.0,27.2,24.1,53.67,High
99.8,8.8,6.55,6.73,1,28.2,34.4,31.3,84.73,Low
95.3,9.6,10.0,10.0,1,44.5,50.0,47.2,99.5,Low
65.0,6.2,7.96,8.14,0,35.7,41.9,38.8,85.45,Low
62.8,8.2,8.13,8.3,0,32.2,38.4,35.3,79.62,Low
41.1,4.4,4.36,4.54,3,15.4,21.5,18.5,41.85,High
68.7,7.6,7.46,7.63,0,37.4,43.6,40.5,71.43,Medium
47.1,4.0,4.23,4.41,2,24.1,30.3,27.2,49.19,High
77.5,7.7,7.2,7.38,0,28.5,34.7,31.6,85.39,Low
25.2,4.1,6.04,6.22,3,20.5,26.7,23.6,45.45,High
93.2,7.3,7.41,7.58,1,45.6,50.0,47.8,85.29,Low
87.2,10.0,8.13,8.31,0,35.4,41.5,38.4,87.93,Low
67.5,3.3,6.47,6.64,0,24.7,30.9,27.8,69.01,Medium
37.9,6.2,5.92,6.1,0,14.7,20.8,17.8,63.41,Medium
22.1,1.9,3.0,3.18,2,22.3,28.4,25.4,31.7,High
51.9,6.5,6.11,6.29,1,31.1,37.3,34.2,61.46,Medium
60.6,9.4,5.36,5.54,1,23.1,29.3,26.2,71.67,Medium
42.3,2.8,4.23,4.4,1,21.5,27.6,24.6,52.12,High
71.1,6.6,8.56,8.74,0,29.4,35.6,32.5,80.6,Low
50.2,6.0,5.31,5.49,1,22.9,29.1,26.0,65.64,Medium
37.0,3.8,5.95,6.13,2,14.6,20.8,17.7,46.31,High
58.1,7.1,5.95,6.12,2,21.8,28.0,24.9,65.65,Medium
81.6,7.9,10.0,10.0,0,50.0,50.0,50.0,95.78,Low
71.4,8.7,8.11,8.29,4,34.0,40.2,37.1,76.57,Low
81.3,4.7,6.49,6.67,3,36.2,42.3,39.2,60.89,Medium
77.7,5.3,8.37,8.55,0,33.4,39.6,36.5,81.29,Low
61.0,4.5,4.52,4.7,1,29.4,35.6,32.5,62.26,Medium
63.2,4.7,5.24,5.42,2,27.1,33.3,30.2,59.61,Medium
73.0,9.2,6.83,7.01,0,35.5,41.7,38.6,85.22,Low
59.5,3.9,5.77,5.95,1,30.4,36.6,33.5,67.61,Medium
58.4,6.1,6.11,6.28,1,50.0,50.0,50.0,68.91,Medium
69.0,6.1,5.41,5.58,1,31.8,38.0,34.9,70.29,Medium
75.3,6.8,5.81,5.98,1,34.2,40.4,37.3,68.6,Medium
84.8,5.6,7.43,7.6,3,43.5,49.7,46.6,77.07,Low
20.0,4.7,3.0,3.18,0,24.2,30.4,27.3,47.61,High
86.6,7.4,8.91,9.09,2,32.7,38.9,35.8,80.85,Low
20.0,1.3,3.0,3.18,2,5.0,11.2,8.1,33.11,High
69.9,5.5,5.68,5.85,3,27.1,33.3,30.2,59.8,Medium
88.5,9.5,7.84,8.01,0,39.8,46.0,42.9,87.95,Low
66.3,6.9,6.27,6.45,2,29.0,35.2,32.1,70.05,Medium
56.7,3.1,4.36,4.54,1,12.4,18.6,15.5,48.06,High
61.0,4.5,4.13,4.31,2,34.5,40.7,37.6,54.37,High
93.1,8.2,8.79,8.96,0,32.8,39.0,35.9,94.32,Low
21.1,4.6,3.77,3.94,2,16.3,22.4,19.4,41.26,High
80.2,7.1,8.57,8.75,0,50.0,50.0,50.0,84.87,Low
57.0,9.5,8.89,9.06,1,33.3,39.5,36.4,84.71,Low
55.0,3.7,4.65,4.82,2,17.0,23.2,20.1,49.94,High
59.8,5.8,5.56,5.73,2,19.6,25.8,22.7,54.22,High
36.8,3.4,4.69,4.87,2,23.7,29.9,26.8,40.22,High
80.8,6.5,7.4,7.57,0,36.1,42.2,39.2,84.83,Low
65.5,6.8,8.66,8.84,0,41.7,47.8,44.8,81.76,Low
38.2,2.5,3.26,3.44,1,9.6,15.8,12.7,36.59,High
44.6,5.5,5.6,5.78,1,36.3,42.4,39.4,65.29,Medium
58.6,4.0,4.85,5.02,2,27.5,33.7,30.6,59.43,Medium
93.8,10.0,8.11,8.29,0,46.3,50.0,48.2,91.69,Low
64.1,3.4,3.0,3.18,4,32.6,38.8,35.7,50.65,High
100.0,8.3,9.11,9.29,1,44.6,50.0,47.3,99.5,Low
63.2,6.2,7.53,7.71,1,28.6,34.8,31.7,77.52,Low
56.4,6.2,5.0,5.18,2,20.3,26.5,23.4,61.21,Medium
42.5,5.9,7.05,7.23,3,26.9,33.1,30.0,61.58,Medium
44.7,5.3,6.11,6.29,2,26.5,32.7,29.6,57.59,Medium
49.7,2.6,5.1,5.28,2,17.4,23.5,20.4,50.35,High
48.0,5.4,8.66,8.83,1,20.6,26.8,23.7,71.21,Medium
46.8,2.9,4.63,4.8,3,19.6,25.8,22.7,42.4,High
20.7,4.9,3.15,3.33,3,18.0,24.2,21.1,34.43,High
62.6,6.9,6.14,6.32,1,31.7,37.9,34.8,64.51,Medium
26.6,2.5,5.12,5.3,2,27.1,33.3,30.2,48.89,High
59.5,4.7,5.52,5.7,1,41.3,47.5,44.4,67.28,Medium
52.7,4.1,4.67,4.85,0,31.6,37.8,34.7,58.56,Medium
67.2,4.1,5.85,6.02,2,36.3,42.5,39.4,68.09,Medium
100.0,10.0,9.47,9.64,0,50.0,50.0,50.0,97.78,Low
61.3,6.5,7.38,7.55,2,46.4,50.0,48.2,72.62,Medium
69.7,10.0,7.59,7.77,0,49.0,50.0,49.5,89.98,Low
24.4,5.5,3.61,3.79,1,25.6,31.7,28.6,50.85,High
60.9,7.5,6.2,6.37,3,33.4,39.6,36.5,63.0,Medium
77.6,8.1,5.83,6.0,0,34.4,40.6,37.5,77.48,Low
75.3,4.5,5.2,5.38,2,25.0,31.2,28.1,58.98,Medium
77.2,9.2,7.93,8.1,0,39.4,45.5,42.4,86.33,Low
44.9,4.3,7.33,7.51,0,28.1,34.3,31.2,68.13,Medium
57.4,8.6,6.45,6.63,3,26.5,32.7,29.6,66.91,Medium
60.2,6.4,5.27,5.44,2,27.7,33.9,30.8,62.55,Medium
74.6,7.4,5.84,6.01,1,18.9,25.1,22.0,68.81,Medium
56.6,5.9,6.89,7.06,1,40.6,46.8,43.7,68.6,Medium
74.3,8.8,6.02,6.2,0,30.2,36.3,33.2,77.39,Low
57.8,4.4,5.69,5.86,0,35.2,41.4,38.3,69.14,Medium
65.4,8.1,5.85,6.03,1,38.0,44.1,41.1,75.02,Low
81.6,7.4,8.21,8.39,1,40.2,46.4,43.3,82.28,Low
71.9,5.2,7.78,7.95,2,46.1,50.0,48.1,80.68,Low
63.3,5.6,6.67,6.84,1,24.6,30.7,27.6,63.11,Medium
84.9,3.8,6.21,6.39,1,47.1,50.0,48.6,74.24,Medium
73.4,9.1,8.36,8.54,0,48.4,50.0,49.2,88.73,Low
67.0,4.9,6.7,6.88,0,33.5,39.6,36.6,68.76,Medium
55.3,6.5,6.66,6.84,4,41.4,47.5,44.5,64.03,Medium
87.6,8.6,7.96,8.14,0,26.7,32.9,29.8,85.64,Low
100.0,8.7,9.73,9.91,0,46.4,50.0,48.2,93.92,Low
38.4,4.1,3.79,3.96,2,32.7,38.9,35.8,48.46,High
86.2,6.3,7.98,8.15,0,27.5,33.7,30.6,75.97,Low
38.4,3.0,4.26,4.44,3,21.8,28.0,24.9,51.47,High
66.5,10.0,5.56,5.74,1,39.6,45.8,42.7,75.34,Low
100.0,10.0,7.87,8.05,0,50.0,50.0,50.0,96.14,Low
80.2,7.3,8.46,8.63,2,27.1,33.3,30.2,79.42,Low
73.1,6.2,8.46,8.63,0,46.7,50.0,48.4,88.41,Low
58.1,5.8,4.71,4.88,0,25.3,31.5,28.4,65.7,Medium
72.8,7.0,6.94,7.12,0,31.1,37.3,34.2,71.75,Medium
66.0,5.8,6.01,6.19,0,23.3,29.5,26.4,72.81,Medium
55.2,6.2,5.23,5.4,0,19.7,25.9,22.8,66.53,Medium
56.7,5.0,6.58,6.76,3,34.4,40.5,37.5,63.17,Medium
88.3,5.8,5.97,6.15,2,27.9,34.1,31.0,69.71,Medium
44.5,6.0,4.5,4.68,0,32.7,38.8,35.8,50.02,High
58.6,3.8,5.16,5.33,0,22.5,28.7,25.6,56.37,Medium
41.7,5.5,4.36,4.53,1,13.9,20.1,17.0,52.52,High
92.2,7.4,6.45,6.63,0,33.6,39.8,36.7,85.6,Low
68.2,5.2,8.44,8.61,1,41.0,47.2,44.1,82.56,Low
64.6,7.3,6.82,6.99,2,34.0,40.2,37.1,71.03,Medium
74.7,6.1,8.06,8.24,1,42.4,48.6,45.5,88.51,Low
72.7,7.9,7.2,7.38,2,39.6,45.8,42.7,80.63,Low
60.9,7.1,7.35,7.53,4,44.9,50.0,47.5,69.19,Medium
68.4,9.9,8.07,8.25,0,34.4,40.6,37.5,92.34,Low
44.9,8.1,5.8,5.98,0,25.9,32.1,29.0,62.25,Medium
61.4,4.4,4.64,4.82,5,30.0,36.2,33.1,45.53,High
100.0,7.7,10.0,10.0,0,50.0,50.0,50.0,98.81,Low
45.4,5.0,6.09,6.26,2,19.9,26.1,23.0,54.05,High
67.5,4.0,4.55,4.73,2,22.1,28.3,25.2,54.68,High
62.3,10.0,6.29,6.46,2,32.7,38.8,35.7,74.38,Medium
80.3,7.2,7.39,7.57,0,34.7,40.9,37.8,81.85,Low
37.1,5.7,3.73,3.91,1,16.7,22.9,19.8,48.46,High
100.0,8.3,7.4,7.58,0,48.5,50.0,49.2,91.93,Low
73.9,6.4,7.51,7.68,3,22.0,28.1,25.1,60.51,Medium
39.0,4.9,4.34,4.52,1,13.5,19.7,16.6,43.8,High
79.0,10.0,9.86,10.0,0,41.8,47.9,44.9,94.74,Low
84.7,8.3,7.89,8.07,4,38.1,44.3,41.2,74.67,Medium
43.9,3.2,4.92,5.09,0,13.1,19.2,16.2,51.74,High
96.5,10.0,9.63,9.81,0,44.9,50.0,47.4,99.5,Low
91.9,7.5,5.53,5.71,1,36.8,43.0,39.9,76.44,Low
60.3,6.1,5.76,5.94,0,31.2,37.3,34.3,64.27,Medium
95.9,5.5,9.39,9.57,0,48.6,50.0,49.3,91.83,Low
80.3,8.0,7.4,7.57,2,30.7,36.9,33.8,82.81,Low
75.6,6.9,5.14,5.32,0,44.1,50.0,47.1,80.7,Low
55.2,5.8,5.63,5.81,2,31.8,38.0,34.9,64.29,Medium
75.0,7.2,6.78,6.95,0,33.3,39.5,36.4,72.6,Medium
58.7,6.8,7.82,8.0,2,38.7,44.9,41.8,75.42,Low
57.7,6.3,6.81,6.98,1,35.0,41.2,38.1,72.4,Medium
57.8,6.1,6.13,6.3,0,35.8,42.0,38.9,71.12,Medium
68.8,7.9,7.98,8.16,0,30.9,37.1,34.0,78.98,Low
67.6,6.4,7.09,7.27,2,38.8,45.0,41.9,72.06,Medium
55.7,5.9,5.31,5.48,3,23.0,29.1,26.0,53.76,High
31.1,4.2,3.98,4.16,0,31.9,38.1,35.0,49.38,High
75.2,7.1,10.0,10.0,0,47.8,50.0,48.9,97.96,Low
25.7,2.7,3.0,3.18,3,13.3,19.4,16.4,36.62,High
64.5,5.2,6.67,6.85,1,33.9,40.1,37.0,69.59,Medium
74.2,6.3,6.8,6.97,1,33.5,39.7,36.6,75.74,Low
99.3,6.9,9.7,9.88,0,43.9,50.0,46.9,98.73,Low
62.5,4.5,6.4,6.58,0,41.6,47.7,44.7,81.31,Low
97.2,5.1,8.53,8.7,0,40.2,46.3,43.2,92.38,Low
46.3,5.9,4.25,4.43,1,27.8,34.0,30.9,59.21,Medium
69.9,9.2,8.42,8.6,0,31.7,37.9,34.8,84.82,Low
84.2,7.9,7.87,8.04,1,31.8,38.0,34.9,80.59,Low
51.0,6.9,7.13,7.31,3,34.0,40.1,37.1,71.07,Medium
87.9,10.0,6.66,6.84,0,36.7,42.9,39.8,87.48,Low
40.0,5.7,5.34,5.52,1,33.2,39.4,36.3,57.33,Medium
79.9,6.2,6.79,6.97,2,27.5,33.6,30.5,73.03,Medium
94.3,7.5,8.88,9.06,0,42.7,48.9,45.8,96.54,Low
81.9,7.9,8.21,8.38,1,47.7,50.0,48.8,79.96,Low
82.1,9.2,10.0,10.0,0,35.2,41.4,38.3,90.73,Low
45.4,4.7,4.55,4.72,0,41.6,47.8,44.7,63.86,Medium
50.2,5.8,4.4,4.58,0,19.3,25.5,22.4,50.69,High
51.3,6.5,4.95,5.12,2,26.5,32.7,29.6,51.83,High
52.3,5.6,8.37,8.54,1,43.6,49.8,46.7,76.37,Low
88.9,6.5,8.54,8.71,0,43.3,49.5,46.4,91.79,Low
71.1,6.3,7.11,7.29,1,36.8,43.0,39.9,77.84,Low
40.7,5.7,3.74,3.92,2,31.4,37.6,34.5,57.26,Medium
91.0,9.7,8.2,8.38,0,44.2,50.0,47.1,93.71,Low
40.4,8.5,7.07,7.24,3,35.9,42.1,39.0,64.67,Medium
80.8,8.1,10.0,10.0,1,47.5,50.0,48.8,88.76,Low
100.0,10.0,8.98,9.16,0,50.0,50.0,50.0,98.34,Low
92.0,8.2,7.48,7.66,2,43.4,49.6,46.5,86.83,Low
94.1,6.8,8.63,8.81,0,26.3,32.5,29.4,89.26,Low
63.2,5.8,5.8,5.97,1,48.1,50.0,49.0,72.54,Medium
41.9,3.1,3.31,3.48,2,14.6,20.8,17.7,43.85,High
65.7,2.1,5.54,5.71,0,39.3,45.5,42.4,71.61,Medium
36.9,5.1,5.44,5.61,1,24.9,31.1,28.0,56.73,Medium
49.8,4.1,3.31,3.48,1,29.1,35.3,32.2,56.81,Medium
89.9,10.0,10.0,10.0,0,43.8,50.0,46.9,97.05,Low
75.8,7.3,7.21,7.39,1,40.7,46.9,43.8,79.6,Low
72.2,5.7,6.6,6.78,1,35.5,41.6,38.5,71.53,Medium
67.8,5.9,7.29,7.46,3,42.4,48.6,45.5,75.08,Low
66.2,3.6,5.12,5.29,1,35.6,41.8,38.7,60.39,Medium
53.7,6.7,7.94,8.12,0,48.8,50.0,49.4,79.58,Low
69.2,7.6,6.23,6.41,1,18.6,24.8,21.7,61.59,Medium
83.4,7.4,9.63,9.81,2,37.9,44.1,41.0,89.28,Low
69.1,7.8,5.85,6.03,2,35.2,41.4,38.3,74.13,Medium
61.2,3.5,4.28,4.45,3,32.7,38.8,35.7,57.02,Medium
60.5,4.1,3.88,4.06,3,28.8,34.9,31.9,54.58,High
37.5,2.8,3.85,4.02,2,14.6,20.8,17.7,45.34,High
67.9,7.7,7.06,7.24,1,32.1,38.3,35.2,77.62,Low
79.4,7.8,8.94,9.12,2,42.7,48.9,45.8,88.04,Low
49.8,5.5,5.88,6.06,3,7.1,13.3,10.2,53.52,High
58.4,8.9,6.91,7.09,0,37.8,44.0,40.9,75.73,Low
44.5,6.4,6.09,6.26,2,32.1,38.3,35.2,61.38,Medium
26.6,5.0,4.6,4.77,3,9.3,15.5,12.4,41.29,High
60.1,3.8,4.91,5.09,3,28.6,34.8,31.7,53.75,High
71.4,6.0,6.9,7.08,0,46.1,50.0,48.0,74.39,Medium
82.6,8.5,7.08,7.26,1,44.6,50.0,47.3,79.29,Low
49.9,2.7,3.71,3.89,1,23.2,29.4,26.3,50.8,High
83.6,7.9,6.65,6.83,0,41.5,47.7,44.6,86.23,Low
82.4,8.7,8.33,8.5,1,48.8,50.0,49.4,88.97,Low
85.9,9.6,8.78,8.95,0,40.0,46.2,43.1,99.5,Low
71.4,6.6,6.29,6.46,1,28.3,34.5,31.4,67.44,Medium
75.1,6.1,4.86,5.04,1,25.6,31.8,28.7,66.51,Medium
40.2,6.4,4.29,4.46,1,34.5,40.7,37.6,62.32,Medium
71.4,6.7,7.78,7.96,3,37.7,43.9,40.8,78.08,Low
79.8,6.1,7.2,7.37,0,28.3,34.5,31.4,80.13,Low
94.2,8.5,7.37,7.55,0,27.6,33.7,30.6,88.28,Low
72.6,7.0,6.6,6.78,1,40.9,47.1,44.0,76.82,Low
79.0,7.6,8.54,8.72,1,37.1,43.3,40.2,90.5,Low
77.2,6.8,8.21,8.39,2,37.1,43.3,40.2,84.21,Low
90.0,10.0,7.43,7.61,2,49.3,50.0,49.7,83.83,Low
79.2,7.7,8.36,8.54,1,32.2,38.4,35.3,83.68,Low
57.6,4.8,6.29,6.47,1,26.8,33.0,29.9,59.33,Medium
49.1,1.3,3.03,3.2,2,17.4,23.6,20.5,46.72,High
100.0,9.4,9.41,9.59,0,49.8,50.0,49.9,99.5,Low
79.8,8.2,7.2,7.38,1,44.9,50.0,47.4,87.71,Low
39.3,5.1,3.0,3.18,3,10.1,16.3,13.2,38.29,High
55.3,5.7,5.74,5.91,1,31.9,38.1,35.0,58.48,Medium
86.7,9.5,8.14,8.32,1,47.8,50.0,48.9,99.28,Low
62.1,7.3,6.82,7.0,1,30.3,36.5,33.4,72.39,Medium
61.2,7.5,4.86,5.04,1,28.7,34.9,31.8,60.79,Medium
81.2,10.0,9.19,9.37,1,48.8,50.0,49.4,97.36,Low
63.2,7.2,6.26,6.44,2,27.5,33.7,30.6,73.84,Medium
43.0,5.2,7.31,7.49,1,31.3,37.5,34.4,66.15,Medium
67.3,5.3,8.31,8.49,0,39.7,45.9,42.8,81.13,Low
75.6,8.4,6.4,6.58,1,30.4,36.6,33.5,75.79,Low
96.3,8.7,8.05,8.23,0,45.2,50.0,47.6,89.27,Low
79.3,10.0,7.91,8.09,0,49.9,50.0,50.0,88.44,Low
64.7,8.9,7.39,7.57,0,37.0,43.2,40.1,87.28,Low
70.8,10.0,6.94,7.11,2,27.7,33.9,30.8,73.91,Medium
80.2,7.2,4.82,4.99,3,31.0,37.2,34.1,61.39,Medium
40.9,7.2,6.6,6.77,1,35.9,42.1,39.0,66.09,Medium
59.8,5.0,7.63,7.81,0,26.9,33.1,30.0,76.59,Low
99.0,7.6,7.42,7.6,2,33.3,39.5,36.4,74.88,Medium
87.0,7.3,8.48,8.65,2,30.7,36.9,33.8,82.47,Low
66.4,8.0,7.94,8.11,1,43.0,49.2,46.1,90.47,Low
68.3,7.0,7.24,7.42,1,35.5,41.7,38.6,83.22,Low
54.9,6.1,5.9,6.08,1,15.6,21.8,18.7,62.67,Medium
77.6,6.8,6.67,6.84,1,37.0,43.2,40.1,81.16,Low
85.9,8.1,6.83,7.0,1,33.4,39.5,36.5,84.06,Low
75.2,3.3,8.7,8.87,0,39.3,45.4,42.3,81.79,Low
100.0,10.0,10.0,10.0,0,50.0,50.0,50.0,99.5,Low
67.0,7.6,5.95,6.12,0,23.9,30.1,27.0,76.86,Low
68.2,10.0,7.61,7.79,1,32.2,38.4,35.3,75.58,Low
75.8,9.6,8.42,8.6,0,39.3,45.5,42.4,91.02,Low
52.1,9.3,6.57,6.75,3,35.0,41.1,38.1,68.95,Medium
92.1,10.0,10.0,10.0,0,50.0,50.0,50.0,99.5,Low
52.6,6.2,5.7,5.88,3,29.5,35.6,32.5,59.16,Medium
61.7,8.1,7.22,7.4,1,33.8,40.0,36.9,76.08,Low
57.6,5.4,4.73,4.91,1,24.8,30.9,27.8,60.33,Medium
50.0,5.1,6.3,6.48,0,48.6,50.0,49.3,75.85,Low
40.8,6.5,7.75,7.92,1,30.7,36.9,33.8,70.93,Medium
71.9,6.7,8.05,8.22,1,37.3,43.5,40.4,79.51,Low
68.7,8.1,5.53,5.71,0,50.0,50.0,50.0,74.53,Medium
83.4,9.0,9.47,9.65,0,47.6,50.0,48.8,94.17,Low
81.6,6.1,6.75,6.92,0,23.5,29.7,26.6,76.01,Low
56.2,5.4,5.34,5.52,1,37.1,43.3,40.2,62.59,Medium
100.0,10.0,10.0,10.0,0,50.0,50.0,50.0,99.5,Low
74.5,8.6,6.21,6.39,2,43.7,49.9,46.8,77.55,Low
55.3,4.0,6.52,6.69,2,26.4,32.6,29.5,65.53,Medium
47.8,3.8,5.57,5.74,1,25.0,31.2,28.1,55.82,Medium
51.4,6.5,3.16,3.33,2,37.3,43.4,40.3,52.09,High
76.3,6.5,8.55,8.73,0,45.9,50.0,48.0,91.53,Low
63.5,6.9,5.81,5.99,2,37.7,43.9,40.8,68.58,Medium
67.8,9.3,6.52,6.69,0,38.1,44.3,41.2,78.7,Low
57.5,9.0,6.03,6.2,0,30.3,36.5,33.4,74.74,Medium
90.4,9.1,7.93,8.1,2,44.5,50.0,47.2,89.11,Low
57.9,6.4,4.92,5.1,1,35.3,41.4,38.4,60.07,Medium
45.2,8.1,3.3,3.48,1,25.8,32.0,28.9,59.53,Medium
73.3,3.9,8.33,8.5,2,48.5,50.0,49.3,77.13,Low
77.4,7.2,7.6,7.78,0,45.1,50.0,47.5,91.05,Low
65.0,8.6,6.71,6.88,0,38.3,44.5,41.4,73.93,Medium
54.9,5.0,4.41,4.58,0,28.9,35.1,32.0,61.69,Medium
73.3,9.7,8.65,8.82,2,40.7,46.9,43.8,84.26,Low
45.9,5.5,4.37,4.54,1,18.9,25.1,22.0,46.4,High
42.9,6.1,6.03,6.21,2,28.9,35.1,32.0,62.44,Medium
48.4,4.8,4.67,4.85,2,27.5,33.7,30.6,47.81,High
95.8,8.3,8.54,8.71,1,42.1,48.3,45.2,90.07,Low
71.8,7.1,6.88,7.06,0,41.7,47.9,44.8,84.12,Low
100.0,8.2,7.27,7.45,1,39.3,45.5,42.4,84.68,Low
98.1,7.8,8.93,9.1,0,50.0,50.0,50.0,93.27,Low
100.0,10.0,10.0,10.0,0,50.0,50.0,50.0,99.5,Low
46.9,4.8,3.19,3.36,0,20.6,26.8,23.7,50.57,High
74.0,7.1,5.46,5.64,1,18.2,24.3,21.2,64.25,Medium
49.7,4.2,6.55,6.73,1,41.3,47.5,44.4,72.13,Medium
27.9,3.0,3.86,4.03,4,25.8,32.0,28.9,35.06,High
45.2,5.0,4.96,5.14,2,24.3,30.5,27.4,52.37,High
68.5,10.0,5.43,5.61,0,29.1,35.2,32.1,76.67,Low
48.8,6.5,3.78,3.96,4,20.2,26.4,23.3,42.05,High
76.5,6.6,7.6,7.78,0,47.7,50.0,48.8,90.83,Low
82.1,7.5,6.4,6.57,1,44.1,50.0,47.1,78.96,Low
80.0,8.6,6.52,6.7,2,41.2,47.4,44.3,80.83,Low
84.6,5.7,8.85,9.03,0,37.6,43.7,40.7,90.5,Low
68.9,9.7,8.65,8.83,1,43.5,49.6,46.5,86.68,Low
50.7,5.9,4.43,4.6,1,31.3,37.5,34.4,57.51,Medium
100.0,10.0,9.08,9.25,0,50.0,50.0,50.0,99.5,Low
73.0,7.2,7.73,7.91,0,38.4,44.5,41.4,85.14,Low
30.1,5.2,3.38,3.55,1,15.1,21.3,18.2,40.98,High
44.7,4.0,6.45,6.62,1,27.2,33.4,30.3,57.24,Medium
31.9,1.5,4.4,4.57,4,20.6,26.8,23.7,43.77,High
61.2,7.3,7.1,7.27,1,38.4,44.5,41.5,72.63,Medium
53.1,3.7,5.67,5.85,0,28.6,34.8,31.7,64.39,Medium
45.0,5.6,6.45,6.62,1,35.0,41.2,38.1,65.14,Medium
100.0,10.0,9.07,9.25,0,44.7,50.0,47.4,98.61,Low
71.4,8.5,8.91,9.08,1,34.7,40.8,37.7,89.5,Low
91.4,9.5,8.41,8.59,0,36.5,42.6,39.6,91.34,Low
55.1,6.1,4.47,4.65,0,18.6,24.8,21.7,57.67,Medium
53.7,8.5,5.83,6.0,1,32.6,38.8,35.7,67.46,Medium
61.2,6.0,8.88,9.06,1,27.5,33.7,30.6,74.89,Medium
69.7,7.7,6.9,7.07,2,30.6,36.8,33.7,69.73,Medium
40.1,3.0,4.14,4.32,4,27.0,33.2,30.1,41.79,High
72.1,7.8,6.1,6.28,0,28.5,34.7,31.6,79.95,Low
67.3,6.7,6.9,7.08,0,32.8,39.0,35.9,78.41,Low
75.1,8.8,5.08,5.25,1,25.1,31.3,28.2,67.68,Medium
54.3,4.7,5.42,5.59,1,32.9,39.1,36.0,66.04,Medium
66.8,7.9,5.92,6.1,1,35.3,41.5,38.4,66.46,Medium
60.1,7.3,8.12,8.29,1,37.7,43.8,40.8,83.25,Low
51.4,6.9,5.34,5.51,1,38.5,44.7,41.6,70.66,Medium
81.0,8.6,7.58,7.75,0,39.7,45.8,42.7,93.87,Low
93.6,9.0,9.8,9.97,2,39.5,45.7,42.6,96.27,Low
68.7,6.8,6.08,6.26,3,25.8,32.0,28.9,65.48,Medium
64.5,5.7,5.87,6.05,2,39.2,45.3,42.2,72.08,Medium
72.0,6.6,6.79,6.97,0,43.1,49.3,46.2,77.54,Low
70.3,7.4,7.0,7.17,2,34.3,40.5,37.4,72.06,Medium
66.1,3.7,4.42,4.59,2,30.6,36.8,33.7,57.33,Medium
85.7,9.3,7.58,7.75,1,38.6,44.8,41.7,90.12,Low
79.0,6.7,7.57,7.75,0,34.4,40.6,37.5,78.69,Low
100.0,8.7,9.1,9.28,1,46.2,50.0,48.1,92.18,Low
89.4,10.0,9.11,9.29,0,46.2,50.0,48.1,97.84,Low
47.4,6.5,4.9,5.07,1,20.0,26.1,23.1,59.65,Medium
84.6,4.3,6.42,6.59,2,23.8,29.9,26.9,65.3,Medium
76.9,6.7,6.78,6.95,0,23.1,29.3,26.2,76.97,Low
62.8,7.3,6.16,6.33,0,30.6,36.7,33.7,76.87,Low
59.8,5.8,4.74,4.92,1,27.9,34.1,31.0,65.42,Medium
44.3,6.2,4.35,4.53,4,15.2,21.4,18.3,46.54,High
42.1,5.8,7.92,8.09,0,39.3,45.5,42.4,74.2,Medium
45.9,2.6,5.61,5.79,1,27.0,33.2,30.1,63.01,Medium
69.0,8.1,6.4,6.57,1,38.8,44.9,41.9,75.68,Low
50.9,4.7,5.34,5.52,1,26.0,32.2,29.1,62.63,Medium
51.8,2.5,3.09,3.26,2,19.1,25.3,22.2,51.02,High
83.3,7.0,7.07,7.25,0,36.8,43.0,39.9,84.86,Low
67.4,8.8,6.7,6.87,0,26.4,32.6,29.5,72.12,Medium
67.3,6.0,6.94,7.12,2,42.7,48.9,45.8,69.23,Medium
100.0,10.0,9.84,10.0,0,46.0,50.0,48.0,99.5,Low
69.4,6.1,6.9,7.08,1,42.8,49.0,45.9,78.95,Low
74.7,7.7,8.52,8.69,0,35.8,41.9,38.8,87.22,Low
46.8,3.3,5.95,6.13,0,32.3,38.5,35.4,70.95,Medium
68.5,4.7,3.78,3.95,1,15.2,21.4,18.3,55.98,Medium
72.5,9.3,9.02,9.2,0,42.7,48.9,45.8,89.91,Low
48.4,3.1,4.79,4.96,2,28.8,35.0,31.9,49.42,High
50.2,9.0,5.75,5.93,0,33.3,39.5,36.4,74.68,Medium
59.5,6.0,6.86,7.04,1,45.3,50.0,47.7,74.43,Medium
75.5,6.0,6.73,6.91,0,33.5,39.7,36.6,71.28,Medium
60.8,6.6,5.75,5.92,3,39.2,45.4,42.3,64.99,Medium
62.3,8.8,5.74,5.92,1,29.4,35.6,32.5,66.09,Medium
86.2,10.0,10.0,10.0,0,50.0,50.0,50.0,98.2,Low
53.2,3.7,5.43,5.6,1,20.6,26.7,23.6,57.34,Medium
43.3,4.7,3.66,3.84,0,25.1,31.3,28.2,50.44,High
83.2,5.8,8.2,8.37,1,25.6,31.8,28.7,76.84,Low
74.5,8.9,8.75,8.92,0,30.3,36.5,33.4,83.48,Low
60.0,3.5,5.36,5.54,4,32.0,38.2,35.1,52.31,High
48.6,3.0,4.96,5.14,3,11.4,17.5,14.5,42.38,High
43.0,5.5,4.97,5.15,2,30.7,36.8,33.7,54.52,High
56.6,7.3,6.02,6.19,1,39.9,46.1,43.0,67.61,Medium
70.3,8.4,9.38,9.55,0,40.4,46.6,43.5,92.05,Low
59.0,7.2,4.25,4.43,2,18.4,24.6,21.5,56.21,Medium
69.1,7.7,7.4,7.57,1,30.0,36.1,33.1,80.12,Low
84.5,8.9,8.26,8.44,1,33.0,39.2,36.1,91.76,Low
20.0,1.0,3.0,3.18,3,13.1,19.2,16.1,32.52,High
100.0,10.0,8.49,8.67,0,43.5,49.7,46.6,98.41,Low
41.8,3.7,4.3,4.47,0,21.8,28.0,24.9,55.81,Medium
75.3,9.8,7.68,7.85,2,48.5,50.0,49.3,85.43,Low
80.7,10.0,8.92,9.09,1,31.1,37.2,34.2,87.54,Low
76.6,9.4,8.31,8.49,0,50.0,50.0,50.0,90.78,Low
71.9,9.2,8.22,8.39,2,31.4,37.6,34.5,75.87,Low
29.4,0.0,3.0,3.18,1,14.3,20.5,17.4,39.3,High
83.2,5.2,5.49,5.66,1,35.6,41.8,38.7,71.19,Medium
73.4,8.6,6.89,7.06,2,43.1,49.3,46.2,83.09,Low
80.7,7.8,5.7,5.87,0,29.4,35.6,32.5,78.16,Low
88.2,5.9,7.91,8.09,0,41.9,48.1,45.0,84.31,Low
85.1,7.7,7.88,8.06,1,43.7,49.8,46.7,90.35,Low
68.5,4.3,7.02,7.2,1,35.4,41.6,38.5,63.14,Medium
75.0,7.0,7.35,7.52,2,36.5,42.7,39.6,82.83,Low
21.6,1.0,3.75,3.93,1,31.3,37.5,34.4,39.21,High
76.3,7.6,5.82,6.0,1,33.4,39.6,36.5,74.76,Medium
77.1,9.2,8.71,8.89,1,41.5,47.7,44.6,89.58,Low
23.0,4.3,3.29,3.47,1,29.4,35.6,32.5,49.8,High
75.3,8.6,9.02,9.19,1,29.1,35.3,32.2,82.98,Low
90.0,8.0,7.55,7.73,0,44.9,50.0,47.5,81.46,Low
67.8,7.4,7.21,7.38,1,28.0,34.1,31.1,72.78,Medium
23.1,0.0,3.0,3.18,4,5.0,11.2,8.1,23.91,High
37.8,5.5,3.8,3.97,3,38.3,44.5,41.4,43.55,High
87.0,7.7,10.0,10.0,0,48.3,50.0,49.1,97.01,Low
58.0,3.3,7.54,7.72,1,24.2,30.4,27.3,62.95,Medium
34.6,3.3,3.23,3.4,1,25.2,31.4,28.3,48.11,High
85.5,8.6,9.2,9.38,1,37.9,44.0,41.0,89.17,Low
80.5,7.2,6.87,7.05,0,31.0,37.2,34.1,85.83,Low
78.3,7.8,10.0,10.0,0,50.0,50.0,50.0,94.21,Low
75.8,9.9,5.37,5.54,2,36.7,42.8,39.7,74.2,Medium
76.5,7.8,7.92,8.09,0,27.0,33.1,30.1,80.45,Low
58.6,7.7,6.76,6.94,0,40.9,47.1,44.0,71.45,Medium
66.7,8.3,5.87,6.04,1,37.2,43.3,40.2,72.14,Medium
100.0,10.0,10.0,10.0,0,50.0,50.0,50.0,99.5,Low
100.0,9.3,10.0,10.0,1,38.0,44.2,41.1,98.97,Low
46.9,4.7,3.52,3.7,1,27.9,34.1,31.0,51.47,High
58.3,8.6,8.27,8.45,0,50.0,50.0,50.0,80.34,Low
56.3,6.2,9.82,10.0,0,37.7,43.9,40.8,86.96,Low
95.8,6.3,8.83,9.01,0,42.9,49.1,46.0,93.92,Low
59.8,6.0,6.18,6.36,0,33.1,39.3,36.2,73.65,Medium
99.2,8.5,7.24,7.41,0,37.9,44.1,41.0,87.57,Low
75.0,9.2,7.73,7.91,2,43.8,50.0,46.9,76.51,Low
100.0,10.0,10.0,10.0,0,50.0,50.0,50.0,99.5,Low
63.7,6.3,5.58,5.76,0,25.9,32.1,29.0,67.58,Medium
54.9,4.2,6.27,6.44,3,30.0,36.2,33.1,64.39,Medium
58.5,6.3,6.4,6.58,1,31.9,38.1,35.0,68.85,Medium
59.9,4.1,7.94,8.12,1,31.0,37.2,34.1,71.56,Medium
58.3,5.8,4.9,5.08,2,22.2,28.4,25.3,58.74,Medium
20.9,0.0,3.55,3.72,5,6.6,12.8,9.7,22.16,High
70.4,6.5,6.18,6.36,1,29.5,35.7,32.6,68.11,Medium
69.7,5.4,8.95,9.13,0,36.8,43.0,39.9,83.18,Low
46.3,5.4,4.86,5.03,2,26.7,32.9,29.8,52.0,High
100.0,10.0,10.0,10.0,0,50.0,50.0,50.0,99.5,Low
62.2,7.1,6.47,6.64,2,21.4,27.6,24.5,71.96,Medium
84.3,6.7,9.12,9.3,0,39.9,46.0,43.0,93.83,Low
71.8,6.3,8.34,8.52,0,34.3,40.4,37.4,83.22,Low
82.7,6.1,8.55,8.72,1,35.0,41.2,38.1,88.52,Low
68.9,4.9,8.37,8.55,0,47.8,50.0,48.9,80.67,Low
91.1,9.3,8.52,8.7,0,45.8,50.0,47.9,99.5,Low
68.6,7.7,6.15,6.33,1,35.7,41.9,38.8,71.58,Medium
78.2,8.3,7.66,7.83,0,34.8,41.0,37.9,90.75,Low
50.7,8.3,7.39,7.56,1,37.0,43.2,40.1,81.45,Low
81.9,6.3,6.14,6.32,1,23.0,29.2,26.1,64.5,Medium
73.4,7.1,6.63,6.8,0,36.3,42.4,39.3,83.07,Low
100.0,9.1,10.0,10.0,0,46.4,50.0,48.2,99.5,Low
49.6,5.7,6.01,6.19,0,29.8,35.9,32.9,64.3,Medium
70.4,5.7,8.8,8.97,0,19.6,25.8,22.7,79.83,Low
82.7,7.8,8.95,9.13,0,36.8,43.0,39.9,85.95,Low
100.0,8.9,9.32,9.5,1,50.0,50.0,50.0,98.9,Low
62.3,6.7,7.32,7.5,1,39.9,46.1,43.0,72.73,Medium
35.1,7.0,3.0,3.18,0,23.0,29.2,26.1,51.97,High
70.3,5.8,8.01,8.18,1,48.1,50.0,49.1,85.97,Low
25.7,2.9,4.76,4.94,4,19.8,26.0,22.9,41.19,High
90.5,7.3,9.53,9.7,1,43.3,49.5,46.4,91.33,Low
83.7,6.5,7.9,8.08,0,28.2,34.4,31.3,83.64,Low
66.1,8.0,9.12,9.3,0,50.0,50.0,50.0,84.75,Low
39.5,6.4,5.54,5.72,4,26.8,33.0,29.9,49.55,High
22.1,3.5,4.33,4.5,5,38.3,44.4,41.4,40.21,High
61.6,7.0,7.74,7.91,3,33.7,39.8,36.8,73.66,Medium
59.3,6.1,7.43,7.61,0,47.5,50.0,48.8,80.73,Low
43.5,4.0,4.75,4.92,5,28.7,34.9,31.8,47.74,High
62.1,6.0,7.17,7.34,0,44.1,50.0,47.0,78.25,Low
94.9,10.0,10.0,10.0,0,50.0,50.0,50.0,99.02,Low
72.0,8.3,7.87,8.04,0,33.9,40.1,37.0,87.99,Low
97.8,9.4,9.75,9.93,0,39.5,45.7,42.6,96.37,Low
86.4,7.9,7.57,7.75,0,33.9,40.1,37.0,86.16,Low
95.0,9.0,8.06,8.24,0,38.0,44.1,41.1,90.67,Low
54.7,4.1,7.19,7.37,0,37.1,43.2,40.1,74.08,Medium
20.0,4.1,3.0,3.18,1,15.2,21.3,18.2,37.15,High
53.4,5.5,4.74,4.92,1,32.8,38.9,35.9,64.61,Medium
81.4,9.2,9.0,9.17,1,44.8,50.0,47.4,95.93,Low
60.2,7.0,5.29,5.47,1,12.8,18.9,15.8,63.39,Medium
74.0,6.2,6.93,7.1,0,41.5,47.7,44.6,80.36,Low
62.5,4.2,5.23,5.4,1,25.7,31.9,28.8,59.49,Medium
86.2,9.3,8.11,8.28,0,50.0,50.0,50.0,99.5,Low
81.0,8.6,7.01,7.18,1,44.7,50.0,47.4,79.57,Low
75.9,7.5,7.66,7.84,0,49.1,50.0,49.6,89.05,Low
76.6,7.1,6.71,6.89,0,38.5,44.7,41.6,80.86,Low
87.7,7.5,7.01,7.19,1,18.8,25.0,21.9,75.08,Low
53.7,7.8,6.72,6.9,1,36.1,42.3,39.2,72.62,Medium
45.5,4.3,4.95,5.13,2,25.3,31.5,28.4,51.77,High
42.9,0.8,3.22,3.4,4,8.2,14.4,11.3,33.68,High
55.9,7.7,7.4,7.58,2,36.3,42.5,39.4,73.57,Medium
67.1,6.3,7.8,7.98,0,34.2,40.4,37.3,88.37,Low
83.3,9.2,8.55,8.72,1,34.9,41.1,38.0,90.59,Low
92.5,9.7,9.64,9.81,0,50.0,50.0,50.0,99.5,Low
78.7,6.8,9.68,9.86,0,43.4,49.6,46.5,94.18,Low
57.0,5.2,3.0,3.18,1,22.7,28.9,25.8,58.37,Medium
68.7,6.9,6.78,6.96,0,27.8,33.9,30.9,71.04,Medium
81.2,8.5,7.75,7.93,0,46.7,50.0,48.4,87.8,Low
100.0,10.0,10.0,10.0,0,50.0,50.0,50.0,96.33,Low
94.0,6.5,8.16,8.33,1,47.1,50.0,48.6,90.24,Low
78.0,10.0,8.42,8.59,0,40.4,46.6,43.5,93.28,Low
58.1,6.7,5.16,5.33,2,33.9,40.1,37.0,59.49,Medium
74.5,3.6,5.97,6.14,4,35.9,42.1,39.0,66.97,Medium
82.4,7.0,6.88,7.05,0,45.2,50.0,47.6,81.04,Low
37.4,5.3,4.09,4.27,2,29.5,35.6,32.5,49.78,High
65.7,7.3,6.88,7.05,0,36.2,42.4,39.3,77.7,Low
52.5,5.9,6.04,6.21,3,23.4,29.5,26.5,63.65,Medium
83.1,10.0,8.67,8.85,1,41.4,47.6,44.5,87.35,Low
51.6,3.7,7.01,7.19,2,29.6,35.7,32.6,64.06,Medium
22.1,1.2,3.51,3.68,2,8.2,14.4,11.3,36.23,High
85.9,4.8,8.31,8.48,1,30.8,37.0,33.9,82.05,Low
61.9,4.4,6.38,6.55,1,15.0,21.1,18.0,63.88,Medium
74.0,9.0,6.66,6.84,0,24.9,31.1,28.0,79.51,Low
55.5,9.5,6.47,6.64,1,31.5,37.6,34.6,70.12,Medium
57.9,6.7,5.75,5.93,3,31.2,37.4,34.3,67.63,Medium
84.2,7.2,8.29,8.47,0,35.2,41.3,38.3,85.96,Low
35.7,3.9,3.72,3.89,1,21.5,27.7,24.6,46.58,High
56.4,6.6,5.53,5.71,2,26.6,32.7,29.7,66.11,Medium
84.0,5.8,8.5,8.68,1,47.4,50.0,48.7,84.05,Low
54.1,5.0,6.82,7.0,1,27.6,33.8,30.7,67.39,Medium
42.9,6.1,4.42,4.6,1,25.2,31.4,28.3,52.99,High
95.3,6.5,9.55,9.73,1,41.1,47.3,44.2,99.5,Low
85.4,7.7,8.07,8.25,0,33.7,39.9,36.8,93.97,Low
79.0,6.7,5.07,5.25,3,33.0,39.2,36.1,64.62,Medium
40.3,3.9,4.11,4.29,3,8.7,14.9,11.8,42.83,High
65.3,7.1,7.31,7.48,0,39.2,45.4,42.3,79.45,Low
28.8,4.1,3.73,3.91,3,14.7,20.9,17.8,37.86,High
64.9,8.2,5.73,5.91,0,39.3,45.5,42.4,75.36,Low
44.4,8.0,4.48,4.66,3,17.1,23.2,20.2,50.89,High
47.4,4.7,3.48,3.65,0,24.2,30.4,27.3,48.24,High
66.6,6.0,5.66,5.83,1,34.3,40.4,37.3,69.37,Medium
77.4,8.6,6.13,6.31,1,38.8,45.0,41.9,77.22,Low
60.1,4.9,5.79,5.96,2,23.2,29.4,26.3,61.23,Medium
73.6,5.9,8.92,9.09,1,39.1,45.3,42.2,83.08,Low
39.6,6.4,6.65,6.83,1,31.5,37.7,34.6,63.87,Medium
85.4,10.0,7.01,7.18,0,50.0,50.0,50.0,92.09,Low
73.0,7.8,7.83,8.0,0,26.0,32.2,29.1,81.57,Low
58.0,5.5,5.71,5.89,0,21.7,27.9,24.8,69.23,Medium
74.3,3.3,5.24,5.42,1,46.3,50.0,48.1,70.75,Medium
52.4,3.9,3.98,4.15,3,18.1,24.3,21.2,45.84,High
80.8,9.0,7.48,7.65,0,23.2,29.4,26.3,83.07,Low
52.4,4.5,5.57,5.75,1,26.9,33.1,30.0,53.61,High
22.5,2.4,3.0,3.18,2,5.0,11.2,8.1,39.62,High
57.9,5.3,6.95,7.13,0,31.1,37.3,34.2,72.62,Medium
44.9,4.3,4.63,4.81,1,32.0,38.2,35.1,64.45,Medium
99.8,9.8,8.55,8.73,0,41.0,47.2,44.1,92.95,Low
42.6,4.5,3.85,4.03,3,16.2,22.4,19.3,39.94,High
32.6,5.0,3.33,3.51,3,28.2,34.4,31.3,45.22,High
98.8,7.3,7.14,7.31,1,31.2,37.4,34.3,83.38,Low
92.1,6.8,8.8,8.97,1,36.3,42.5,39.4,88.67,Low
38.0,5.9,6.84,7.01,1,26.1,32.3,29.2,63.76,Medium
56.7,5.0,5.69,5.87,4,23.4,29.5,26.5,52.14,High
81.3,10.0,8.01,8.18,1,37.2,43.4,40.3,80.98,Low
38.2,5.5,3.0,3.18,2,5.4,11.6,8.5,40.79,High
33.0,6.4,4.03,4.21,2,19.7,25.9,22.8,43.48,High
71.5,5.0,6.41,6.58,2,30.6,36.7,33.7,62.74,Medium
96.2,10.0,8.84,9.01,1,50.0,50.0,50.0,94.52,Low
47.4,7.3,6.22,6.4,1,31.7,37.9,34.8,68.11,Medium
55.6,8.0,7.12,7.3,1,36.3,42.5,39.4,81.14,Low
98.5,8.2,7.77,7.95,0,33.5,39.7,36.6,92.0,Low
100.0,10.0,10.0,10.0,0,50.0,50.0,50.0,99.5,Low
61.4,5.8,6.9,7.07,0,26.8,33.0,29.9,73.75,Medium
82.7,7.0,6.57,6.74,2,32.7,38.9,35.8,75.11,Low
100.0,7.7,9.12,9.29,0,50.0,50.0,50.0,99.5,Low
49.0,5.1,4.05,4.23,2,16.0,22.2,19.1,44.52,High
76.4,8.2,9.32,9.49,0,50.0,50.0,50.0,91.59,Low
68.0,5.7,3.97,4.14,3,35.5,41.6,38.5,56.77,Medium
75.1,7.3,7.49,7.67,1,40.1,46.3,43.2,83.68,Low
60.0,6.6,5.78,5.95,0,25.1,31.3,28.2,64.11,Medium
45.0,5.1,5.39,5.57,2,10.6,16.7,13.6,53.93,High
53.9,6.2,4.62,4.8,1,33.2,39.4,36.3,63.63,Medium
56.0,7.0,6.76,6.94,1,37.1,43.3,40.2,74.83,Medium
91.9,6.5,9.86,10.0,1,37.2,43.4,40.3,93.88,Low
56.3,7.4,5.31,5.49,0,41.1,47.3,44.2,76.35,Low
72.9,5.8,7.36,7.53,3,28.6,34.7,31.7,69.03,Medium
72.5,5.9,9.33,9.51,2,35.9,42.1,39.0,82.96,Low
48.8,3.7,5.77,5.94,1,29.4,35.6,32.5,57.71,Medium
73.0,8.5,6.86,7.04,1,32.5,38.7,35.6,73.32,Medium
80.3,8.1,7.04,7.22,2,40.2,46.4,43.3,84.87,Low
100.0,8.2,10.0,10.0,0,50.0,50.0,50.0,98.05,Low
75.5,5.6,6.3,6.48,0,32.3,38.5,35.4,76.46,Low
63.8,7.7,6.22,6.4,0,38.8,45.0,41.9,77.53,Low
80.8,7.5,6.96,7.14,0,48.5,50.0,49.2,88.65,Low
90.4,8.0,7.41,7.58,1,41.0,47.2,44.1,79.17,Low
70.2,7.4,5.16,5.34,1,13.1,19.3,16.2,65.5,Medium
52.8,7.2,5.95,6.13,1,22.8,29.0,25.9,63.83,Medium
76.4,9.2,9.51,9.68,0,43.9,50.0,47.0,91.83,Low
35.7,1.5,4.55,4.73,1,16.1,22.3,19.2,45.0,High
72.3,8.5,5.22,5.4,3,28.2,34.4,31.3,68.18,Medium
90.2,7.8,5.93,6.11,0,37.1,43.3,40.2,83.19,Low
85.7,10.0,9.07,9.24,0,50.0,50.0,50.0,96.11,Low
36.5,4.7,5.73,5.91,1,24.8,31.0,27.9,52.91,High
42.8,1.2,3.0,3.18,3,13.8,20.0,16.9,32.33,High
26.4,3.6,3.22,3.39,3,17.3,23.5,20.4,39.49,High
40.0,4.3,3.95,4.12,1,25.8,31.9,28.8,46.63,High
51.9,5.5,4.83,5.01,1,21.8,27.9,24.8,56.94,Medium
67.9,8.0,8.95,9.13,2,40.0,46.2,43.1,91.92,Low
42.9,4.7,5.27,5.45,3,18.3,24.5,21.4,51.48,High
49.6,5.3,5.52,5.7,2,28.9,35.0,32.0,61.47,Medium
56.1,6.2,4.89,5.06,1,30.5,36.7,33.6,58.51,Medium
56.4,5.7,4.84,5.02,1,27.5,33.6,30.5,56.23,Medium
79.4,8.6,9.71,9.88,0,50.0,50.0,50.0,98.43,Low
75.9,9.4,8.54,8.71,2,40.7,46.8,43.8,83.77,Low
71.7,8.6,6.41,6.58,2,39.7,45.8,42.7,78.92,Low
58.4,7.5,7.11,7.28,3,31.4,37.6,34.5,68.34,Medium
46.5,5.8,6.08,6.26,1,33.0,39.1,36.0,76.98,Low
83.5,4.4,8.05,8.23,1,32.4,38.5,35.4,76.9,Low
50.5,7.6,8.06,8.24,1,34.6,40.7,37.6,76.61,Low
48.1,4.2,5.1,5.27,2,34.9,41.0,37.9,54.85,High
62.4,6.7,6.0,6.18,1,38.8,44.9,41.8,74.91,Medium
34.9,2.4,3.22,3.39,0,9.6,15.8,12.7,44.14,High
77.2,7.1,7.92,8.09,0,37.1,43.2,40.2,80.78,Low
92.2,6.6,7.64,7.81,2,23.9,30.0,27.0,76.02,Low
56.1,4.5,6.72,6.9,1,27.6,33.8,30.7,71.02,Medium
100.0,10.0,8.91,9.09,0,50.0,50.0,50.0,99.5,Low
55.0,3.9,6.0,6.18,2,25.6,31.8,28.7,54.68,High
54.6,7.2,7.45,7.63,2,36.7,42.9,39.8,70.52,Medium
86.4,8.1,5.66,5.83,3,12.6,18.8,15.7,70.68,Medium
51.9,7.9,6.43,6.6,2,30.4,36.6,33.5,66.12,Medium
70.3,7.7,7.44,7.62,2,35.4,41.6,38.5,76.78,Low
73.7,7.4,5.85,6.02,2,38.2,44.3,41.3,75.33,Low
85.2,9.3,7.28,7.45,0,47.9,50.0,49.0,84.46,Low
86.5,10.0,9.08,9.26,1,44.2,50.0,47.1,90.53,Low
76.2,7.4,8.72,8.89,0,32.8,39.0,35.9,84.6,Low
66.3,5.6,7.58,7.76,3,31.6,37.8,34.7,73.75,Medium
55.4,4.9,6.05,6.23,2,26.6,32.8,29.7,64.9,Medium
75.4,9.1,8.34,8.51,1,31.7,37.9,34.8,85.94,Low
48.3,4.6,4.97,5.15,3,14.6,20.8,17.7,48.72,High
90.8,10.0,8.8,8.97,0,35.7,41.9,38.8,97.54,Low
100.0,10.0,10.0,10.0,0,50.0,50.0,50.0,99.5,Low
62.5,6.7,6.27,6.45,2,31.1,37.2,34.2,69.48,Medium
38.5,4.6,3.0,3.18,2,16.9,23.1,20.0,46.12,High
59.2,5.6,5.85,6.02,0,25.7,31.9,28.8,72.85,Medium
80.0,9.1,9.7,9.88,0,31.9,38.1,35.0,91.82,Low
